Code,ISU_CD,Name,Market,Dept,Close,ChangeCode,Changes,ChagesRatio,Open,High,Low,Volume,Amount,Marcap,Stocks,MarketId,lateInfoMsgCd
095570,KR7095570008,AJ네트웍스,KOSPI,,-,0,,,,,,,,,45252759,STK,ME005
006840,KR7006840003,AK홀딩스,KOSPI,,-,0,,,,,,,,,13247561,STK,ME005
027410,KR7027410000,BGF,KOSPI,,-,0,,,,,,,,,95716791,STK,ME005
282330,KR7282330000,BGF리테일,KOSPI,,-,0,,,,,,,,,17283906,STK,ME005
138930,KR7138930003,BNK금융지주,KOSPI,,-,0,,,,,,,,,306839751,STK,ME005
001460,KR7001460005,BYC,KOSPI,,-,0,,,,,,,,,6246150,STK,ME005
001465,KR7001461003,BYC우,KOSPI,,-,0,,,,,,,,,2153850,STK,ME005
001040,KR7001040005,CJ,KOSPI,,-,0,,,,,,,,,29176998,STK,ME005
079160,KR7079160008,CJ CGV,KOSPI,,-,0,,,,,,,,,165582797,STK,ME005
00104K,KR700104K010,CJ4우(전환),KOSPI,,-,0,,,,,,,,,4226512,STK,ME005
000120,KR7000120006,CJ대한통운,KOSPI,,-,0,,,,,,,,,22812344,STK,ME005
011150,KR7011150000,CJ씨푸드,KOSPI,,-,0,,,,,,,,,35930773,STK,ME005
011155,KR7011151008,CJ씨푸드1우,KOSPI,,-,0,,,,,,,,,200000,STK,ME005
001045,KR7001041003,CJ우,KOSPI,,-,0,,,,,,,,,2260223,STK,ME005
097950,KR7097950000,CJ제일제당,KOSPI,,-,0,,,,,,,,,15054186,STK,ME005
097955,KR7097951008,CJ제일제당 우,KOSPI,,-,0,,,,,,,,,1327433,STK,ME005
000480,KR7000480004,CR홀딩스,KOSPI,,-,0,,,,,,,,,46890490,STK,ME005
000590,KR7000590000,CS홀딩스,KOSPI,,-,0,,,,,,,,,1154482,STK,ME005
012030,KR7012030003,DB,KOSPI,,-,0,,,,,,,,,201173933,STK,ME005
005830,KR7005830005,DB손해보험,KOSPI,,-,0,,,,,,,,,65500349,STK,ME005
016610,KR7016610008,DB증권,KOSPI,,-,0,,,,,,,,,42446389,STK,ME005
000990,KR7000990002,DB하이텍,KOSPI,,-,0,,,,,,,,,43504588,STK,ME005
000300,KR7000300004,DH오토넥스,KOSPI,,-,0,,,,,,,,,41437055,STK,ME005
001530,KR7001530005,DI동일,KOSPI,,-,0,,,,,,,,,20715621,STK,ME005
015590,KR7015590003,DKME,KOSPI,,-,0,,,,,,,,,53396308,STK,ME005
000210,KR7000210005,DL,KOSPI,,-,0,,,,,,,,,20955884,STK,ME005
000215,KR7000211003,DL우,KOSPI,,-,0,,,,,,,,,1686115,STK,ME005
375500,KR7375500006,DL이앤씨,KOSPI,,-,0,,,,,,,,,38693623,STK,ME005
37550L,KR737550K029,DL이앤씨2우(전환),KOSPI,,-,0,,,,,,,,,2111951,STK,ME005
37550K,KR737550K011,DL이앤씨우,KOSPI,,-,0,,,,,,,,,2113885,STK,ME005
007340,KR7007340003,DN오토모티브,KOSPI,,-,0,,,,,,,,,58510865,STK,ME005
004840,KR7004840005,DRB동일,KOSPI,,-,0,,,,,,,,,19272364,STK,ME005
155660,KR7155660004,DSR,KOSPI,,-,0,,,,,,,,,16000000,STK,ME005
069730,KR7069730000,DSR제강,KOSPI,,-,0,,,,,,,,,14400000,STK,ME005
017860,KR7017860008,DS단석,KOSPI,,-,0,,,,,,,,,17653634,STK,ME005
092780,KR7092780006,DYP,KOSPI,,-,0,,,,,,,,,13168460,STK,ME005
017940,KR7017940008,E1,KOSPI,,-,0,,,,,,,,,6860000,STK,ME005
365550,KR7365550003,ESR켄달스퀘어리츠,KOSPI,,-,0,,,,,,,,,246089000,STK,ME005
383220,KR7383220001,F&F,KOSPI,,-,0,,,,,,,,,38307075,STK,ME005
007700,KR7007700008,F&F홀딩스,KOSPI,,-,0,,,,,,,,,39114367,STK,ME005
114090,KR7114090004,GKL,KOSPI,,-,0,,,,,,,,,61855670,STK,ME005
078930,KR7078930005,GS,KOSPI,,-,0,,,,,,,,,92895495,STK,ME005
006360,KR7006360002,GS건설,KOSPI,,-,0,,,,,,,,,85581490,STK,ME005
001250,KR7001250000,GS글로벌,KOSPI,,-,0,,,,,,,,,82533764,STK,ME005
007070,KR7007070006,GS리테일,KOSPI,,-,0,,,,,,,,,83607415,STK,ME005
078935,KR7078931003,GS우,KOSPI,,-,0,,,,,,,,,1779676,STK,ME005
499790,KR7499790004,GS피앤엘,KOSPI,,-,0,,,,,,,,,19830841,STK,ME005
012630,KR7012630000,HDC,KOSPI,,-,0,,,,,,,,,59741721,STK,ME005
039570,KR7039570007,HDC랩스,KOSPI,,-,0,,,,,,,,,25957601,STK,ME005
089470,KR7089470009,HDC현대EP,KOSPI,,-,0,,,,,,,,,31900000,STK,ME005
267270,KR7267270007,HD건설기계,KOSPI,,-,0,,,,,,,,,47497386,STK,ME005
009540,KR7009540006,HD한국조선해양,KOSPI,,-,0,,,,,,,,,70773116,STK,ME005
267250,KR7267250009,HD현대,KOSPI,,-,0,,,,,,,,,78993085,STK,ME005
443060,KR7443060009,HD현대마린솔루션,KOSPI,,-,0,,,,,,,,,44833460,STK,ME005
071970,KR7071970008,HD현대마린엔진,KOSPI,,-,0,,,,,,,,,33921495,STK,ME005
322000,KR7322000001,HD현대에너지솔루션,KOSPI,,-,0,,,,,,,,,11200000,STK,ME005
267260,KR7267260008,HD현대일렉트릭,KOSPI,,-,0,,,,,,,,,36047135,STK,ME005
329180,KR7329180004,HD현대중공업,KOSPI,,-,0,,,,,,,,,104961225,STK,ME005
097230,KR7097230007,HJ중공업,KOSPI,,-,0,,,,,,,,,90295344,STK,ME005
014790,KR7014790000,HL D&I,KOSPI,,-,0,,,,,,,,,37858601,STK,ME005
003580,KR7003580008,HLB글로벌,KOSPI,,-,0,,,,,,,,,50663505,STK,ME005
204320,KR7204320006,HL만도,KOSPI,,-,0,,,,,,,,,46957120,STK,ME005
060980,KR7060980000,HL홀딩스,KOSPI,,-,0,,,,,,,,,8956347,STK,ME005
011200,KR7011200003,HMM,KOSPI,,-,0,,,,,,,,,943237970,STK,ME005
035000,KR7035000009,HS애드,KOSPI,,-,0,,,,,,,,,16207644,STK,ME005
002460,KR7002460004,HS화성,KOSPI,,-,0,,,,,,,,,10150000,STK,ME005
487570,KR7487570004,HS효성,KOSPI,,-,0,,,,,,,,,3725927,STK,ME005
298050,KR7298050006,HS효성첨단소재,KOSPI,,-,0,,,,,,,,,4479948,STK,ME005
015360,KR7015360001,INVENI,KOSPI,,-,0,,,,,,,,,27250000,STK,ME005
294870,KR7294870001,IPARK현대산업개발,KOSPI,,-,0,,,,,,,,,65907330,STK,ME005
175330,KR7175330000,JB금융지주,KOSPI,,-,0,,,,,,,,,186521824,STK,ME005
234080,KR7234080000,JW생명과학,KOSPI,,-,0,,,,,,,,,15834554,STK,ME005
001060,KR7001060003,JW중외제약,KOSPI,,-,0,,,,,,,,,23285930,STK,ME005
001067,KR7001062009,JW중외제약2우B,KOSPI,,-,0,,,,,,,,,209973,STK,ME005
001065,KR7001061001,JW중외제약우,KOSPI,,-,0,,,,,,,,,341951,STK,ME005
096760,KR7096760004,JW홀딩스,KOSPI,,-,0,,,,,,,,,73924942,STK,ME005
008970,KR7008970006,KBI동양철관,KOSPI,,-,0,,,,,,,,,103766907,STK,ME005
105560,KR7105560007,KB금융,KOSPI,,-,0,,,,,,,,,354687734,STK,ME005
415640,KR7415640002,KB발해인프라,KOSPI,,-,0,,,,,,,,,122545548,STK,ME005
432320,KR7432320000,KB스타리츠,KOSPI,,-,0,,,,,,,,,150764285,STK,ME005
002380,KR7002380004,KCC,KOSPI,,-,0,,,,,,,,,8592896,STK,ME005
344820,KR7344820006,KCC글라스,KOSPI,,-,0,,,,,,,,,15970512,STK,ME005
009070,KR7009070004,KCTC,KOSPI,,-,0,,,,,,,,,30000000,STK,ME005
009440,KR7009440009,KC그린홀딩스,KOSPI,,-,0,,,,,,,,,23239141,STK,ME005
119650,KR7119650000,KC코트렐,KOSPI,,-,0,,,,,,,,,109785309,STK,ME005
092220,KR7092220003,KEC,KOSPI,,-,0,,,,,,,,,40152628,STK,ME005
003620,KR7003620002,KG모빌리티,KOSPI,,-,0,,,,,,,,,202374912,STK,ME005
016380,KR7016380008,KG스틸,KOSPI,,-,0,,,,,,,,,100008897,STK,ME005
001390,KR7001390004,KG케미칼,KOSPI,,-,0,,,,,,,,,66403636,STK,ME005
001940,KR7001940006,KISCO홀딩스,KOSPI,,-,0,,,,,,,,,14176380,STK,ME005
025000,KR7025000001,KPX케미칼,KOSPI,,-,0,,,,,,,,,4146735,STK,ME005
092230,KR7092230002,KPX홀딩스,KOSPI,,-,0,,,,,,,,,4224646,STK,ME005
000040,KR7000040006,KR모터스,KOSPI,,-,0,,,,,,,,,19675036,STK,ME005
044450,KR7044450005,KSS해운,KOSPI,,-,0,,,,,,,,,22577525,STK,ME005
030200,KR7030200000,KT,KOSPI,,-,0,,,,,,,,,252021685,STK,ME005
033780,KR7033780008,KT&G,KOSPI,,-,0,,,,,,,,,103810456,STK,ME005
058850,KR7058850009,KTcs,KOSPI,,-,0,,,,,,,,,41404450,STK,ME005
058860,KR7058860008,KTis,KOSPI,,-,0,,,,,,,,,34802000,STK,ME005
093050,KR7093050003,LF,KOSPI,,-,0,,,,,,,,,29240000,STK,ME005
003550,KR7003550001,LG,KOSPI,,-,0,,,,,,,,,151192004,STK,ME005
034220,KR7034220004,LG디스플레이,KOSPI,,-,0,,,,,,,,,500000000,STK,ME005
051900,KR7051900009,LG생활건강,KOSPI,,-,0,,,,,,,,,14975523,STK,ME005
051905,KR7051901007,LG생활건강우,KOSPI,,-,0,,,,,,,,,2096259,STK,ME005
064400,KR7064400005,LG씨엔에스,KOSPI,,-,0,,,,,,,,,96885948,STK,ME005
373220,KR7373220003,LG에너지솔루션,KOSPI,,-,0,,,,,,,,,234000000,STK,ME005
003555,KR7003551009,LG우,KOSPI,,-,0,,,,,,,,,3011199,STK,ME005
032640,KR7032640005,LG유플러스,KOSPI,,-,0,,,,,,,,,424427732,STK,ME005
011070,KR7011070000,LG이노텍,KOSPI,,-,0,,,,,,,,,23667107,STK,ME005
066570,KR7066570003,LG전자,KOSPI,,-,0,,,,,,,,,162884638,STK,ME005
066575,KR7066571001,LG전자우,KOSPI,,-,0,,,,,,,,,17181299,STK,ME005
037560,KR7037560000,LG헬로비전,KOSPI,,-,0,,,,,,,,,77446865,STK,ME005
051910,KR7051910008,LG화학,KOSPI,,-,0,,,,,,,,,70592343,STK,ME005
051915,KR7051911006,LG화학우,KOSPI,,-,0,,,,,,,,,7688800,STK,ME005
079550,KR7079550000,LIG디펜스앤에어로스페이스,KOSPI,,-,0,,,,,,,,,22000000,STK,ME005
006260,KR7006260004,LS,KOSPI,,-,0,,,,,,,,,31200000,STK,ME005
010120,KR7010120004,LS ELECTRIC,KOSPI,,-,0,,,,,,,,,150000000,STK,ME005
000680,KR7000680009,LS네트웍스,KOSPI,,-,0,,,,,,,,,78803016,STK,ME005
229640,KR7229640008,LS에코에너지,KOSPI,,-,0,,,,,,,,,30624879,STK,ME005
108320,KR7108320003,LX세미콘,KOSPI,,-,0,,,,,,,,,16264300,STK,ME005
001120,KR7001120005,LX인터내셔널,KOSPI,,-,0,,,,,,,,,38760000,STK,ME005
108670,KR7108670001,LX하우시스,KOSPI,,-,0,,,,,,,,,8967670,STK,ME005
108675,KR7108671009,LX하우시스우,KOSPI,,-,0,,,,,,,,,1032330,STK,ME005
383800,KR7383800000,LX홀딩스,KOSPI,,-,0,,,,,,,,,76280690,STK,ME005
38380K,KR738380K012,LX홀딩스1우,KOSPI,,-,0,,,,,,,,,1465285,STK,ME005
009810,KR7009810003,MDS스피어,KOSPI,,-,0,,,,,,,,,20351656,STK,ME005
023150,KR7023150006,MH에탄올,KOSPI,,-,0,,,,,,,,,6201433,STK,ME005
035420,KR7035420009,NAVER,KOSPI,,-,0,,,,,,,,,152094369,STK,ME005
036570,KR7036570000,NC,KOSPI,,-,0,,,,,,,,,21544022,STK,ME005
181710,KR7181710005,NHN,KOSPI,,-,0,,,,,,,,,32328965,STK,ME005
400760,KR7400760005,NH올원리츠,KOSPI,,-,0,,,,,,,,,54929275,STK,ME005
005940,KR7005940002,NH투자증권,KOSPI,,-,0,,,,,,,,,369206105,STK,ME005
005945,KR7005941000,NH투자증권우,KOSPI,,-,0,,,,,,,,,18870968,STK,ME005
338100,KR7338100001,NH프라임리츠,KOSPI,,-,0,,,,,,,,,18660000,STK,ME005
034310,KR7034310003,NICE,KOSPI,,-,0,,,,,,,,,36757157,STK,ME005
030190,KR7030190003,NICE평가정보,KOSPI,,-,0,,,,,,,,,58268741,STK,ME005
008260,KR7008260002,NI스틸,KOSPI,,-,0,,,,,,,,,28600117,STK,ME005
004250,KR7004250007,NPC,KOSPI,,-,0,,,,,,,,,36720000,STK,ME005
004255,KR7004251005,NPC우,KOSPI,,-,0,,,,,,,,,5280000,STK,ME005
456040,KR7456040005,OCI,KOSPI,,-,0,,,,,,,,,8952495,STK,ME005
010060,KR7010060002,OCI홀딩스,KOSPI,,-,0,,,,,,,,,18670232,STK,ME005
178920,KR7178920005,PI첨단소재,KOSPI,,-,0,,,,,,,,,29366322,STK,ME005
001340,KR7001340009,PKC,KOSPI,,-,0,,,,,,,,,45028089,STK,ME005
005490,KR7005490008,POSCO홀딩스,KOSPI,,-,0,,,,,,,,,79241527,STK,ME005
010950,KR7010950004,S-Oil,KOSPI,,-,0,,,,,,,,,112582792,STK,ME005
010955,KR7010951002,S-Oil우,KOSPI,,-,0,,,,,,,,,4021927,STK,ME005
034120,KR7034120006,SBS,KOSPI,,-,0,,,,,,,,,18551238,STK,ME005
003080,KR7003080009,SB성보,KOSPI,,-,0,,,,,,,,,20020000,STK,ME005
005090,KR7005090006,SGC에너지,KOSPI,,-,0,,,,,,,,,14409333,STK,ME005
001380,KR7001380005,SG글로벌,KOSPI,,-,0,,,,,,,,,22482071,STK,ME005
004060,KR7004060000,SG세계물산,KOSPI,,-,0,,,,,,,,,20242496,STK,ME005
001770,KR7001770007,SHD,KOSPI,,-,0,,,,,,,,,1214878,STK,ME005
002360,KR7002360006,SH에너지화학,KOSPI,,-,0,,,,,,,,,11113373,STK,ME005
009160,KR7009160003,SIMPAC,KOSPI,,-,0,,,,,,,,,65370968,STK,ME005
033530,KR7033530007,SJG세종,KOSPI,,-,0,,,,,,,,,27052299,STK,ME005
123700,KR7123700007,SJM,KOSPI,,-,0,,,,,,,,,15604898,STK,ME005
025530,KR7025530007,SJM홀딩스,KOSPI,,-,0,,,,,,,,,14934008,STK,ME005
034730,KR7034730002,SK,KOSPI,,-,0,,,,,,,,,72502703,STK,ME005
011790,KR7011790003,SKC,KOSPI,,-,0,,,,,,,,,49598298,STK,ME005
018670,KR7018670000,SK가스,KOSPI,,-,0,,,,,,,,,9269244,STK,ME005
001740,KR7001740000,SK네트웍스,KOSPI,,-,0,,,,,,,,,200593889,STK,ME005
006120,KR7006120000,SK디스커버리,KOSPI,,-,0,,,,,,,,,17413751,STK,ME005
006125,KR7006121008,SK디스커버리우,KOSPI,,-,0,,,,,,,,,1231705,STK,ME005
210980,KR7210980009,SK디앤디,KOSPI,,-,0,,,,,,,,,18617382,STK,ME005
395400,KR7395400005,SK리츠,KOSPI,,-,0,,,,,,,,,301017620,STK,ME005
302440,KR7302440003,SK바이오사이언스,KOSPI,,-,0,,,,,,,,,78456553,STK,ME005
326030,KR7326030004,SK바이오팜,KOSPI,,-,0,,,,,,,,,78313250,STK,ME005
402340,KR7402340004,SK스퀘어,KOSPI,,-,0,,,,,,,,,131923998,STK,ME005
361610,KR7361610009,SK아이이테크놀로지,KOSPI,,-,0,,,,,,,,,81787100,STK,ME005
100090,KR7100090000,SK오션플랜트,KOSPI,,-,0,,,,,,,,,62478129,STK,ME005
03473K,KR703473K016,SK우,KOSPI,,-,0,,,,,,,,,566135,STK,ME005
096770,KR7096770003,SK이노베이션,KOSPI,,-,0,,,,,,,,,169052788,STK,ME005
096775,KR7096771001,SK이노베이션우,KOSPI,,-,0,,,,,,,,,1248426,STK,ME005
475150,KR7475150009,SK이터닉스,KOSPI,,-,0,,,,,,,,,34067004,STK,ME005
001510,KR7001510007,SK증권,KOSPI,,-,0,,,,,,,,,231295085,STK,ME005
001515,KR7001511005,SK증권우,KOSPI,,-,0,,,,,,,,,1956257,STK,ME005
285130,KR7285130001,SK케미칼,KOSPI,,-,0,,,,,,,,,17298766,STK,ME005
28513K,KR728513K010,SK케미칼우,KOSPI,,-,0,,,,,,,,,2115429,STK,ME005
017670,KR7017670001,SK텔레콤,KOSPI,,-,0,,,,,,,,,214790053,STK,ME005
000660,KR7000660001,SK하이닉스,KOSPI,,-,0,,,,,,,,,730492365,STK,ME005
003570,KR7003570009,SNT다이내믹스,KOSPI,,-,0,,,,,,,,,33252697,STK,ME005
064960,KR7064960008,SNT모티브,KOSPI,,-,0,,,,,,,,,26540272,STK,ME005
100840,KR7100840008,SNT에너지,KOSPI,,-,0,,,,,,,,,20680783,STK,ME005
036530,KR7036530004,SNT홀딩스,KOSPI,,-,0,,,,,,,,,16303886,STK,ME005
000390,KR7000390005,SP삼화,KOSPI,,-,0,,,,,,,,,27203469,STK,ME005
011810,KR7011810009,STX,KOSPI,,-,0,,,,,,,,,31017927,STK,ME005
465770,KR7465770006,STX그린로지스,KOSPI,,-,0,,,,,,,,,7218380,STK,ME005
077970,KR7077970002,STX엔진,KOSPI,,-,0,,,,,,,,,40148063,STK,ME005
002820,KR7002820009,SUN&L,KOSPI,,-,0,,,,,,,,,12063204,STK,ME005
002170,KR7002170009,SYTS,KOSPI,,-,0,,,,,,,,,3000000,STK,ME005
084870,KR7084870005,TBH글로벌,KOSPI,,-,0,,,,,,,,,20458256,STK,ME005
002710,KR7002710002,TCC스틸,KOSPI,,-,0,,,,,,,,,26213697,STK,ME005
069260,KR7069260008,TKG휴켐스,KOSPI,,-,0,,,,,,,,,40878588,STK,ME005
007980,KR7007980006,TP,KOSPI,,-,0,,,,,,,,,46897350,STK,ME005
002900,KR7002900009,TYM,KOSPI,,-,0,,,,,,,,,41400000,STK,ME005
024070,KR7024070005,WISCOM,KOSPI,,-,0,,,,,,,,,15326438,STK,ME005
037270,KR7037270006,YG PLUS,KOSPI,,-,0,,,,,,,,,63663110,STK,ME005
139130,KR7139130009,iM금융지주,KOSPI,,-,0,,,,,,,,,158363408,STK,ME005
000500,KR7000500009,가온전선,KOSPI,,-,0,,,,,,,,,29777607,STK,ME005
000860,KR7000860007,강남제비스코,KOSPI,,-,0,,,,,,,,,13000000,STK,ME005
035250,KR7035250000,강원랜드,KOSPI,,-,0,,,,,,,,,213940500,STK,ME005
011420,KR7011420007,갤럭시아에스엠,KOSPI,,-,0,,,,,,,,,27549644,STK,ME005
002100,KR7002100006,경농,KOSPI,,-,0,,,,,,,,,19522575,STK,ME005
009450,KR7009450008,경동나비엔,KOSPI,,-,0,,,,,,,,,14568592,STK,ME005
267290,KR7267290005,경동도시가스,KOSPI,,-,0,,,,,,,,,5895406,STK,ME005
012320,KR7012320008,경동인베스트,KOSPI,,-,0,,,,,,,,,2365023,STK,ME005
000050,KR7000050005,경방,KOSPI,,-,0,,,,,,,,,27415270,STK,ME005
214390,KR7214390007,경보제약,KOSPI,,-,0,,,,,,,,,23906860,STK,ME005
012610,KR7012610002,경인양행,KOSPI,,-,0,,,,,,,,,41616365,STK,ME005
013580,KR7013580006,계룡건설,KOSPI,,-,0,,,,,,,,,8930907,STK,ME005
012200,KR7012200002,계양전기,KOSPI,,-,0,,,,,,,,,27222829,STK,ME005
012205,KR7012201000,계양전기우,KOSPI,,-,0,,,,,,,,,1169079,STK,ME005
002140,KR7002140002,고려산업,KOSPI,,-,0,,,,,,,,,24939425,STK,ME005
010130,KR7010130003,고려아연,KOSPI,,-,0,,,,,,,,,20872969,STK,ME005
002240,KR7002240000,고려제강,KOSPI,,-,0,,,,,,,,,27000000,STK,ME005
009290,KR7009290008,광동제약,KOSPI,,-,0,,,,,,,,,49799808,STK,ME005
017040,KR7017040007,광명전기,KOSPI,,-,0,,,,,,,,,43337615,STK,ME005
017900,KR7017900002,광전자,KOSPI,,-,0,,,,,,,,,57943763,STK,ME005
037710,KR7037710001,광주신세계,KOSPI,,-,0,,,,,,,,,7627172,STK,ME005
030610,KR7030610000,교보증권,KOSPI,,-,0,,,,,,,,,113962961,STK,ME005
339770,KR7339770000,교촌에프앤비,KOSPI,,-,0,,,,,,,,,49965080,STK,ME005
007690,KR7007690001,국도화학,KOSPI,,-,0,,,,,,,,,9260832,STK,ME005
002720,KR7002720001,국제약품,KOSPI,,-,0,,,,,,,,,21159832,STK,ME005
083420,KR7083420000,그린케미칼,KOSPI,,-,0,,,,,,,,,24000000,STK,ME005
014530,KR7014530000,극동유화,KOSPI,,-,0,,,,,,,,,34869420,STK,ME005
014280,KR7014280002,금강공업,KOSPI,,-,0,,,,,,,,,29329357,STK,ME005
014285,KR7014281000,금강공업우,KOSPI,,-,0,,,,,,,,,589875,STK,ME005
008870,KR7008870008,금비,KOSPI,,-,0,,,,,,,,,1000000,STK,ME005
001570,KR7001570001,금양,KOSPI,,-,0,,,,,,,,,63967196,STK,ME005
002990,KR7002990000,금호건설,KOSPI,,-,0,,,,,,,,,37259974,STK,ME005
002995,KR7002991008,금호건설우,KOSPI,,-,0,,,,,,,,,292266,STK,ME005
011780,KR7011780004,금호석유화학,KOSPI,,-,0,,,,,,,,,25157325,STK,ME005
011785,KR7011781002,금호석유화학우,KOSPI,,-,0,,,,,,,,,3023486,STK,ME005
214330,KR7214330003,금호에이치티,KOSPI,,-,0,,,,,,,,,10456929,STK,ME005
001210,KR7001210004,금호전기,KOSPI,,-,0,,,,,,,,,12526366,STK,ME005
073240,KR7073240004,금호타이어,KOSPI,,-,0,,,,,,,,,287260287,STK,ME005
092440,KR7092440007,기신정기,KOSPI,,-,0,,,,,,,,,29200000,STK,ME005
000270,KR7000270009,기아,KOSPI,,-,0,,,,,,,,,390412998,STK,ME005
024110,KR7024110009,기업은행,KOSPI,,-,0,,,,,,,,,797425869,STK,ME005
013700,KR7013700000,까뮤이앤씨,KOSPI,,-,0,,,,,,,,,59750830,STK,ME005
004540,KR7004540001,깨끗한나라,KOSPI,,-,0,,,,,,,,,37240693,STK,ME005
004545,KR7004541009,깨끗한나라우,KOSPI,,-,0,,,,,,,,,366160,STK,ME005
001260,KR7001260009,남광토건,KOSPI,,-,0,,,,,,,,,9832572,STK,ME005
008350,KR7008350001,남선알미늄,KOSPI,,-,0,,,,,,,,,129079090,STK,ME005
008355,KR7008351009,남선알미우,KOSPI,,-,0,,,,,,,,,307890,STK,ME005
004270,KR7004270005,남성,KOSPI,,-,0,,,,,,,,,4560128,STK,ME005
003920,KR7003920006,남양유업,KOSPI,,-,0,,,,,,,,,5673447,STK,ME005
003925,KR7003921004,남양유업우,KOSPI,,-,0,,,,,,,,,1891149,STK,ME005
025860,KR7025860008,남해화학,KOSPI,,-,0,,,,,,,,,49678843,STK,ME005
005720,KR7005720008,넥센,KOSPI,,-,0,,,,,,,,,52543977,STK,ME005
005725,KR7005721006,넥센우,KOSPI,,-,0,,,,,,,,,3600600,STK,ME005
002350,KR7002350007,넥센타이어,KOSPI,,-,0,,,,,,,,,97667877,STK,ME005
002355,KR7002351005,넥센타이어1우B,KOSPI,,-,0,,,,,,,,,6500000,STK,ME005
092790,KR7092790005,넥스틸,KOSPI,,-,0,,,,,,,,,26002000,STK,ME005
251270,KR7251270005,넷마블,KOSPI,,-,0,,,,,,,,,83158425,STK,ME005
090350,KR7090350000,노루페인트,KOSPI,,-,0,,,,,,,,,20000000,STK,ME005
090355,KR7090351008,노루페인트우,KOSPI,,-,0,,,,,,,,,463126,STK,ME005
000320,KR7000320002,노루홀딩스,KOSPI,,-,0,,,,,,,,,13291151,STK,ME005
000325,KR7000321000,노루홀딩스우,KOSPI,,-,0,,,,,,,,,243559,STK,ME005
006280,KR7006280002,녹십자,KOSPI,,-,0,,,,,,,,,11686538,STK,ME005
005250,KR7005250006,녹십자홀딩스,KOSPI,,-,0,,,,,,,,,47028210,STK,ME005
005257,KR7005252002,녹십자홀딩스2우,KOSPI,,-,0,,,,,,,,,845990,STK,ME005
004370,KR7004370003,농심,KOSPI,,-,0,,,,,,,,,6082642,STK,ME005
072710,KR7072710007,농심홀딩스,KOSPI,,-,0,,,,,,,,,4637790,STK,ME005
058730,KR7058730003,다스코,KOSPI,,-,0,,,,,,,,,20251251,STK,ME005
030210,KR7030210009,다올투자증권,KOSPI,,-,0,,,,,,,,,60911106,STK,ME005
023590,KR7023590003,다우기술,KOSPI,,-,0,,,,,,,,,43287312,STK,ME005
145210,KR7145210001,다이나믹디자인,KOSPI,,-,0,,,,,,,,,4223666,STK,ME005
483650,KR7483650008,달바글로벌,KOSPI,,-,0,,,,,,,,,12527165,STK,ME005
019680,KR7019680008,대교,KOSPI,,-,0,,,,,,,,,40233850,STK,ME005
019685,KR7019681006,대교우B,KOSPI,,-,0,,,,,,,,,9713495,STK,ME005
006370,KR7006370001,대구백화점,KOSPI,,-,0,,,,,,,,,10821611,STK,ME005
008060,KR7008060006,대덕,KOSPI,,-,0,,,,,,,,,31287098,STK,ME005
00806K,KR700806K010,대덕1우,KOSPI,,-,0,,,,,,,,,1212357,STK,ME005
353200,KR7353200009,대덕전자,KOSPI,,-,0,,,,,,,,,49416925,STK,ME005
35320K,KR735320K011,대덕전자1우,KOSPI,,-,0,,,,,,,,,2095519,STK,ME005
000490,KR7000490003,대동,KOSPI,,-,0,,,,,,,,,28826865,STK,ME005
005750,KR7005750005,대림바스,KOSPI,,-,0,,,,,,,,,16592240,STK,ME005
006570,KR7006570006,대림통상,KOSPI,,-,0,,,,,,,,,15225000,STK,ME005
001680,KR7001680008,대상,KOSPI,,-,0,,,,,,,,,34648025,STK,ME005
001685,KR7001681006,대상우,KOSPI,,-,0,,,,,,,,,1370223,STK,ME005
084690,KR7084690007,대상홀딩스,KOSPI,,-,0,,,,,,,,,36212538,STK,ME005
084695,KR7084691005,대상홀딩스우,KOSPI,,-,0,,,,,,,,,913482,STK,ME005
128820,KR7128820008,대성산업,KOSPI,,-,0,,,,,,,,,45235478,STK,ME005
117580,KR7117580001,대성에너지,KOSPI,,-,0,,,,,,,,,27500000,STK,ME005
016710,KR7016710006,대성홀딩스,KOSPI,,-,0,,,,,,,,,16089459,STK,ME005
0030R0,KR70030R0007,대신밸류리츠,KOSPI,,-,0,,,,,,,,,59780000,STK,ME005
003540,KR7003540002,대신증권,KOSPI,,-,0,,,,,,,,,47666126,STK,ME005
003547,KR7003542008,대신증권2우B,KOSPI,,-,0,,,,,,,,,9606666,STK,ME005
003545,KR7003541000,대신증권우,KOSPI,,-,0,,,,,,,,,24383334,STK,ME005
009190,KR7009190000,대양금속,KOSPI,,-,0,,,,,,,,,43986275,STK,ME005
014160,KR7014160006,대영포장,KOSPI,,-,0,,,,,,,,,108394549,STK,ME005
047040,KR7047040001,대우건설,KOSPI,,-,0,,,,,,,,,410907638,STK,ME005
003090,KR7003090008,대웅,KOSPI,,-,0,,,,,,,,,58141980,STK,ME005
069620,KR7069620003,대웅제약,KOSPI,,-,0,,,,,,,,,11586575,STK,ME005
000430,KR7000430009,대원강업,KOSPI,,-,0,,,,,,,,,62000000,STK,ME005
006340,KR7006340004,대원전선,KOSPI,,-,0,,,,,,,,,78414416,STK,ME005
006345,KR7006341002,대원전선우,KOSPI,,-,0,,,,,,,,,2621200,STK,ME005
003220,KR7003220001,대원제약,KOSPI,,-,0,,,,,,,,,22427583,STK,ME005
024890,KR7024890006,대원화성,KOSPI,,-,0,,,,,,,,,8249830,STK,ME005
012800,KR7012800009,대창,KOSPI,,-,0,,,,,,,,,91140499,STK,ME005
015230,KR7015230006,대창단조,KOSPI,,-,0,,,,,,,,,27143620,STK,ME005
001070,KR7001070002,대한방직,KOSPI,,-,0,,,,,,,,,5300000,STK,ME005
006650,KR7006650006,대한유화,KOSPI,,-,0,,,,,,,,,6500000,STK,ME005
001440,KR7001440007,대한전선,KOSPI,,-,0,,,,,,,,,195992596,STK,ME005
084010,KR7084010008,대한제강,KOSPI,,-,0,,,,,,,,,34371596,STK,ME005
001790,KR7001790005,대한제당,KOSPI,,-,0,,,,,,,,,86241915,STK,ME005
001795,KR7001791003,대한제당우,KOSPI,,-,0,,,,,,,,,6482760,STK,ME005
001130,KR7001130004,대한제분,KOSPI,,-,0,,,,,,,,,16900000,STK,ME005
439260,KR7439260001,대한조선,KOSPI,,-,0,,,,,,,,,38088730,STK,ME005
003490,KR7003490000,대한항공,KOSPI,,-,0,,,,,,,,,368220609,STK,ME005
003495,KR7003491008,대한항공우,KOSPI,,-,0,,,,,,,,,1110791,STK,ME005
005880,KR7005880000,대한해운,KOSPI,,-,0,,,,,,,,,322747340,STK,ME005
003830,KR7003830007,대한화섬,KOSPI,,-,0,,,,,,,,,1328000,STK,ME005
016090,KR7016090003,대현,KOSPI,,-,0,,,,,,,,,44282310,STK,ME005
069460,KR7069460004,대호에이엘,KOSPI,,-,0,,,,,,,,,17414390,STK,ME005
475560,KR7475560009,더본코리아,KOSPI,,-,0,,,,,,,,,14827970,STK,ME005
192080,KR7192080000,더블유게임즈,KOSPI,,-,0,,,,,,,,,21173468,STK,ME005
004830,KR7004830006,덕성,KOSPI,,-,0,,,,,,,,,15680000,STK,ME005
004835,KR7004831004,덕성우,KOSPI,,-,0,,,,,,,,,1392000,STK,ME005
145720,KR7145720009,덴티움,KOSPI,,-,0,,,,,,,,,8623891,STK,ME005
002150,KR7002150001,도화엔지니어링,KOSPI,,-,0,,,,,,,,,33720000,STK,ME005
460850,KR7460850001,동국씨엠,KOSPI,,-,0,,,,,,,,,29898656,STK,ME005
460860,KR7460860000,동국제강,KOSPI,,-,0,,,,,,,,,49608017,STK,ME005
001230,KR7001230002,동국홀딩스,KOSPI,,-,0,,,,,,,,,155507715,STK,ME005
023450,KR7023450000,동남합성,KOSPI,,-,0,,,,,,,,,3500000,STK,ME005
004140,KR7004140000,동방,KOSPI,,-,0,,,,,,,,,47971766,STK,ME005
007590,KR7007590003,동방아그로,KOSPI,,-,0,,,,,,,,,13617577,STK,ME005
005960,KR7005960000,동부건설,KOSPI,,-,0,,,,,,,,,22946663,STK,ME005
005965,KR7005961008,동부건설우,KOSPI,,-,0,,,,,,,,,225732,STK,ME005
026960,KR7026960005,동서,KOSPI,,-,0,,,,,,,,,99700000,STK,ME005
002210,KR7002210003,동성제약,KOSPI,,-,0,,,,,,,,,96619507,STK,ME005
102260,KR7102260007,동성케미컬,KOSPI,,-,0,,,,,,,,,50669591,STK,ME005
000640,KR7000640003,동아쏘시오홀딩스,KOSPI,,-,0,,,,,,,,,6732527,STK,ME005
170900,KR7170900005,동아에스티,KOSPI,,-,0,,,,,,,,,9727881,STK,ME005
028100,KR7028100006,동아지질,KOSPI,,-,0,,,,,,,,,11222117,STK,ME005
001520,KR7001520006,동양,KOSPI,,-,0,,,,,,,,,107122032,STK,ME005
001527,KR7001522002,동양2우B,KOSPI,,-,0,,,,,,,,,205705,STK,ME005
084670,KR7084670009,동양고속,KOSPI,,-,0,,,,,,,,,2895569,STK,ME005
001525,KR7001521004,동양우,KOSPI,,-,0,,,,,,,,,262615,STK,ME005
018500,KR7018500009,동원모빌리티,KOSPI,,-,0,,,,,,,,,46754933,STK,ME005
006040,KR7006040000,동원산업,KOSPI,,-,0,,,,,,,,,44140819,STK,ME005
030720,KR7030720007,동원수산,KOSPI,,-,0,,,,,,,,,4653805,STK,ME005
014820,KR7014820005,동원시스템즈,KOSPI,,-,0,,,,,,,,,28991282,STK,ME005
014825,KR7014821003,동원시스템즈우,KOSPI,,-,0,,,,,,,,,264111,STK,ME005
111380,KR7111380002,동인기연,KOSPI,,-,0,,,,,,,,,6128000,STK,ME005
163560,KR7163560006,동일고무벨트,KOSPI,,-,0,,,,,,,,,13900000,STK,ME005
004890,KR7004890000,동일산업,KOSPI,,-,0,,,,,,,,,2425215,STK,ME005
002690,KR7002690006,동일제강,KOSPI,,-,0,,,,,,,,,20300360,STK,ME005
000020,KR7000020008,동화약품,KOSPI,,-,0,,,,,,,,,27931470,STK,ME005
000150,KR7000150003,두산,KOSPI,,-,0,,,,,,,,,16193835,STK,ME005
000157,KR7000152009,두산2우B,KOSPI,,-,0,,,,,,,,,893038,STK,ME005
454910,KR7454910001,두산로보틱스,KOSPI,,-,0,,,,,,,,,64819980,STK,ME005
241560,KR7241560002,두산밥캣,KOSPI,,-,0,,,,,,,,,95856065,STK,ME005
034020,KR7034020008,두산에너빌리티,KOSPI,,-,0,,,,,,,,,640561146,STK,ME005
000155,KR7000151001,두산우,KOSPI,,-,0,,,,,,,,,3996462,STK,ME005
336260,KR7336260005,두산퓨얼셀,KOSPI,,-,0,,,,,,,,,65493726,STK,ME005
33626K,KR733626K013,두산퓨얼셀1우,KOSPI,,-,0,,,,,,,,,13364200,STK,ME005
33626L,KR733626K021,두산퓨얼셀2우B,KOSPI,,-,0,,,,,,,,,2986300,STK,ME005
016740,KR7016740003,두올,KOSPI,,-,0,,,,,,,,,28674024,STK,ME005
192650,KR7192650000,드림텍,KOSPI,,-,0,,,,,,,,,65886829,STK,ME005
024090,KR7024090003,디씨엠,KOSPI,,-,0,,,,,,,,,11400000,STK,ME005
003160,KR7003160009,디아이,KOSPI,,-,0,,,,,,,,,28300000,STK,ME005
092200,KR7092200005,디아이씨,KOSPI,,-,0,,,,,,,,,38888569,STK,ME005
377190,KR7377190004,디앤디플랫폼리츠,KOSPI,,-,0,,,,,,,,,88400000,STK,ME005
013570,KR7013570007,디와이,KOSPI,,-,0,,,,,,,,,26319633,STK,ME005
024900,KR7024900003,디와이덕양,KOSPI,,-,0,,,,,,,,,32564980,STK,ME005
002880,KR7002880003,디와이에이,KOSPI,,-,0,,,,,,,,,9354799,STK,ME005
210540,KR7210540001,디와이파워,KOSPI,,-,0,,,,,,,,,11041708,STK,ME005
032350,KR7032350001,롯데관광개발,KOSPI,,-,0,,,,,,,,,79725458,STK,ME005
089860,KR7089860001,롯데렌탈,KOSPI,,-,0,,,,,,,,,36309388,STK,ME005
330590,KR7330590001,롯데리츠,KOSPI,,-,0,,,,,,,,,288968884,STK,ME005
000400,KR7000400002,롯데손해보험,KOSPI,,-,0,,,,,,,,,310336320,STK,ME005
023530,KR7023530009,롯데쇼핑,KOSPI,,-,0,,,,,,,,,28288755,STK,ME005
020150,KR7020150009,롯데에너지머티리얼즈,KOSPI,,-,0,,,,,,,,,52365463,STK,ME005
280360,KR7280360009,롯데웰푸드,KOSPI,,-,0,,,,,,,,,9204574,STK,ME005
286940,KR7286940002,롯데이노베이트,KOSPI,,-,0,,,,,,,,,15129367,STK,ME005
004000,KR7004000006,롯데정밀화학,KOSPI,,-,0,,,,,,,,,25800000,STK,ME005
004990,KR7004990008,롯데지주,KOSPI,,-,0,,,,,,,,,99663776,STK,ME005
00499K,KR700499K014,롯데지주우,KOSPI,,-,0,,,,,,,,,805603,STK,ME005
005300,KR7005300009,롯데칠성,KOSPI,,-,0,,,,,,,,,9278884,STK,ME005
005305,KR7005301007,롯데칠성우,KOSPI,,-,0,,,,,,,,,775310,STK,ME005
011170,KR7011170008,롯데케미칼,KOSPI,,-,0,,,,,,,,,42775419,STK,ME005
071840,KR7071840003,롯데하이마트,KOSPI,,-,0,,,,,,,,,23607712,STK,ME005
027740,KR7027740000,마니커,KOSPI,,-,0,,,,,,,,,31755614,STK,ME005
357430,KR7357430008,마스턴프리미어리츠,KOSPI,,-,0,,,,,,,,,30505307,STK,ME005
001080,KR7001080001,만호제강,KOSPI,,-,0,,,,,,,,,35114960,STK,ME005
088980,KR7088980008,맥쿼리인프라,KOSPI,,-,0,,,,,,,,,478921993,STK,ME005
094800,KR7094800000,맵스리얼티,KOSPI,,-,0,,,,,,,,,92834331,STK,ME005
138040,KR7138040001,메리츠금융지주,KOSPI,,-,0,,,,,,,,,167347273,STK,ME005
090370,KR7090370008,메타랩스,KOSPI,,-,0,,,,,,,,,27304689,STK,ME005
118000,KR7118000009,메타케어,KOSPI,,-,0,,,,,,,,,22055785,STK,ME005
017180,KR7017180001,명문제약,KOSPI,,-,0,,,,,,,,,33953454,STK,ME005
009900,KR7009900002,명신산업,KOSPI,,-,0,,,,,,,,,52470133,STK,ME005
317450,KR7317450005,명인제약,KOSPI,,-,0,,,,,,,,,14600000,STK,ME005
012690,KR7012690004,모나리자,KOSPI,,-,0,,,,,,,,,36571255,STK,ME005
005360,KR7005360003,모나미,KOSPI,,-,0,,,,,,,,,18897307,STK,ME005
070960,KR7070960000,모나용평,KOSPI,,-,0,,,,,,,,,48133333,STK,ME005
009680,KR7009680000,모토닉,KOSPI,,-,0,,,,,,,,,21733094,STK,ME005
009580,KR7009580002,무림P&P,KOSPI,,-,0,,,,,,,,,62368324,STK,ME005
009200,KR7009200007,무림페이퍼,KOSPI,,-,0,,,,,,,,,41609310,STK,ME005
033920,KR7033920000,무학,KOSPI,,-,0,,,,,,,,,28500000,STK,ME005
008420,KR7008420002,문배철강,KOSPI,,-,0,,,,,,,,,20503505,STK,ME005
025560,KR7025560004,미래산업,KOSPI,,-,0,,,,,,,,,27778678,STK,ME005
007120,KR7007120009,미래아이앤지,KOSPI,,-,0,,,,,,,,,27323114,STK,ME005
396690,KR7396690000,미래에셋글로벌리츠,KOSPI,,-,0,,,,,,,,,39605940,STK,ME005
357250,KR7357250000,미래에셋맵스리츠,KOSPI,,-,0,,,,,,,,,24995105,STK,ME005
085620,KR7085620003,미래에셋생명,KOSPI,,-,0,,,,,,,,,135180000,STK,ME005
006800,KR7006800007,미래에셋증권,KOSPI,,-,0,,,,,,,,,543021051,STK,ME005
00680K,KR700680K019,미래에셋증권2우B,KOSPI,,-,0,,,,,,,,,127271150,STK,ME005
006805,KR7006801005,미래에셋증권우,KOSPI,,-,0,,,,,,,,,13454133,STK,ME005
081660,KR7081660003,미스토홀딩스,KOSPI,,-,0,,,,,,,,,53091840,STK,ME005
002840,KR7002840007,미원상사,KOSPI,,-,0,,,,,,,,,4500000,STK,ME005
268280,KR7268280005,미원에스씨,KOSPI,,-,0,,,,,,,,,5000000,STK,ME005
107590,KR7107590002,미원홀딩스,KOSPI,,-,0,,,,,,,,,2320000,STK,ME005
134380,KR7134380005,미원화학,KOSPI,,-,0,,,,,,,,,21992680,STK,ME005
003650,KR7003650009,미창석유,KOSPI,,-,0,,,,,,,,,1739672,STK,ME005
377740,KR7377740006,바이오노트,KOSPI,,-,0,,,,,,,,,101886048,STK,ME005
003610,KR7003610003,방림,KOSPI,,-,0,,,,,,,,,32110778,STK,ME005
035150,KR7035150002,백산,KOSPI,,-,0,,,,,,,,,19771079,STK,ME005
002410,KR7002410009,범양건영,KOSPI,,-,0,,,,,,,,,27479820,STK,ME005
007210,KR7007210008,벽산,KOSPI,,-,0,,,,,,,,,65360000,STK,ME005
002760,KR7002760007,보락,KOSPI,,-,0,,,,,,,,,59900000,STK,ME005
003850,KR7003850005,보령,KOSPI,,-,0,,,,,,,,,85787207,STK,ME005
000890,KR7000890004,보해양조,KOSPI,,-,0,,,,,,,,,27624025,STK,ME005
003000,KR7003000007,부광약품,KOSPI,,-,0,,,,,,,,,98664671,STK,ME005
001270,KR7001270008,부국증권,KOSPI,,-,0,,,,,,,,,10369886,STK,ME005
001275,KR7001271006,부국증권우,KOSPI,,-,0,,,,,,,,,3000000,STK,ME005
026940,KR7026940007,부국철강,KOSPI,,-,0,,,,,,,,,20000000,STK,ME005
011390,KR7011390002,부산산업,KOSPI,,-,0,,,,,,,,,1056000,STK,ME005
005030,KR7005030002,부산주공,KOSPI,,-,0,,,,,,,,,92782988,STK,ME005
006740,KR7006740005,블루산업개발,KOSPI,,-,0,,,,,,,,,5950959,STK,ME005
002070,KR7002070001,비비안,KOSPI,,-,0,,,,,,,,,4801800,STK,ME005
100220,KR7100220003,비상교육,KOSPI,,-,0,,,,,,,,,12996741,STK,ME005
090460,KR7090460007,비에이치,KOSPI,,-,0,,,,,,,,,33711538,STK,ME005
005180,KR7005180005,빙그레,KOSPI,,-,0,,,,,,,,,8841801,STK,ME005
003960,KR7003960002,사조대림,KOSPI,,-,0,,,,,,,,,9164467,STK,ME005
008040,KR7008040008,사조동아원,KOSPI,,-,0,,,,,,,,,14114460,STK,ME005
007160,KR7007160005,사조산업,KOSPI,,-,0,,,,,,,,,5000000,STK,ME005
014710,KR7014710008,사조씨푸드,KOSPI,,-,0,,,,,,,,,17218543,STK,ME005
006090,KR7006090005,사조오양,KOSPI,,-,0,,,,,,,,,9422736,STK,ME005
062040,KR7062040001,산일전기,KOSPI,,-,0,,,,,,,,,30642850,STK,ME005
005610,KR7005610001,삼립,KOSPI,,-,0,,,,,,,,,8629009,STK,ME005
001470,KR7001470004,삼부토건,KOSPI,,-,0,,,,,,,,,39139903,STK,ME005
028050,KR7028050003,삼성E&A,KOSPI,,-,0,,,,,,,,,196000000,STK,ME005
448730,KR7448730002,삼성FN리츠,KOSPI,,-,0,,,,,,,,,91050000,STK,ME005
006400,KR7006400006,삼성SDI,KOSPI,,-,0,,,,,,,,,80585530,STK,ME005
006405,KR7006401004,삼성SDI우,KOSPI,,-,0,,,,,,,,,1617896,STK,ME005
006660,KR7006660005,삼성공조,KOSPI,,-,0,,,,,,,,,8126314,STK,ME005
028260,KR7028260008,삼성물산,KOSPI,,-,0,,,,,,,,,162167581,STK,ME005
02826K,KR702826K016,삼성물산우B,KOSPI,,-,0,,,,,,,,,1467590,STK,ME005
207940,KR7207940008,삼성바이오로직스,KOSPI,,-,0,,,,,,,,,46290951,STK,ME005
032830,KR7032830002,삼성생명,KOSPI,,-,0,,,,,,,,,200000000,STK,ME005
018260,KR7018260000,삼성에스디에스,KOSPI,,-,0,,,,,,,,,77377800,STK,ME005
0126Z0,KR70126Z0002,삼성에피스홀딩스,KOSPI,,-,0,,,,,,,,,24883049,STK,ME005
009150,KR7009150004,삼성전기,KOSPI,,-,0,,,,,,,,,74693696,STK,ME005
009155,KR7009151002,삼성전기우,KOSPI,,-,0,,,,,,,,,2906984,STK,ME005
005930,KR7005930003,삼성전자,KOSPI,,-,0,,,,,,,,,5846278608,STK,ME005
005935,KR7005931001,삼성전자우,KOSPI,,-,0,,,,,,,,,802371203,STK,ME005
001360,KR7001360007,삼성제약,KOSPI,,-,0,,,,,,,,,94162079,STK,ME005
010140,KR7010140002,삼성중공업,KOSPI,,-,0,,,,,,,,,880000000,STK,ME005
016360,KR7016360000,삼성증권,KOSPI,,-,0,,,,,,,,,89300000,STK,ME005
068290,KR7068290006,삼성출판사,KOSPI,,-,0,,,,,,,,,10000000,STK,ME005
029780,KR7029780004,삼성카드,KOSPI,,-,0,,,,,,,,,115858891,STK,ME005
000810,KR7000810002,삼성화재,KOSPI,,-,0,,,,,,,,,44647473,STK,ME005
000815,KR7000811000,삼성화재우,KOSPI,,-,0,,,,,,,,,3007020,STK,ME005
006110,KR7006110001,삼아알미늄,KOSPI,,-,0,,,,,,,,,15123455,STK,ME005
0120G0,KR70120G0001,삼양바이오팜,KOSPI,,-,0,,,,,,,,,7435870,STK,ME005
145990,KR7145990008,삼양사,KOSPI,,-,0,,,,,,,,,10313449,STK,ME005
145995,KR7145991006,삼양사우,KOSPI,,-,0,,,,,,,,,370070,STK,ME005
003230,KR7003230000,삼양식품,KOSPI,,-,0,,,,,,,,,7533015,STK,ME005
272550,KR7272550005,삼양패키징,KOSPI,,-,0,,,,,,,,,15068406,STK,ME005
000070,KR7000070003,삼양홀딩스,KOSPI,,-,0,,,,,,,,,7763191,STK,ME005
003720,KR7003720000,삼영,KOSPI,,-,0,,,,,,,,,34000000,STK,ME005
002810,KR7002810000,삼영무역,KOSPI,,-,0,,,,,,,,,18466948,STK,ME005
005680,KR7005680004,삼영전자,KOSPI,,-,0,,,,,,,,,20000000,STK,ME005
023000,KR7023000003,삼원강재,KOSPI,,-,0,,,,,,,,,39739956,STK,ME005
004380,KR7004380002,삼익THK,KOSPI,,-,0,,,,,,,,,20700000,STK,ME005
002450,KR7002450005,삼익악기,KOSPI,,-,0,,,,,,,,,90530915,STK,ME005
004440,KR7004440004,삼일씨엔에스,KOSPI,,-,0,,,,,,,,,12731947,STK,ME005
000520,KR7000520007,삼일제약,KOSPI,,-,0,,,,,,,,,21691811,STK,ME005
009770,KR7009770009,삼정펄프,KOSPI,,-,0,,,,,,,,,2499971,STK,ME005
005500,KR7005500004,삼진제약,KOSPI,,-,0,,,,,,,,,13320000,STK,ME005
004690,KR7004690004,삼천리,KOSPI,,-,0,,,,,,,,,3626777,STK,ME005
010960,KR7010960003,삼호개발,KOSPI,,-,0,,,,,,,,,24120000,STK,ME005
004450,KR7004450003,삼화왕관,KOSPI,,-,0,,,,,,,,,2154379,STK,ME005
009470,KR7009470006,삼화전기,KOSPI,,-,0,,,,,,,,,6613820,STK,ME005
011230,KR7011230000,삼화전자,KOSPI,,-,0,,,,,,,,,19165785,STK,ME005
001820,KR7001820000,삼화콘덴서,KOSPI,,-,0,,,,,,,,,10395000,STK,ME005
001290,KR7001290006,상상인증권,KOSPI,,-,0,,,,,,,,,21667424,STK,ME005
041650,KR7041650003,상신브레이크,KOSPI,,-,0,,,,,,,,,21471450,STK,ME005
075180,KR7075180000,새론오토모티브,KOSPI,,-,0,,,,,,,,,19200000,STK,ME005
007540,KR7007540008,샘표,KOSPI,,-,0,,,,,,,,,2875800,STK,ME005
248170,KR7248170003,샘표식품,KOSPI,,-,0,,,,,,,,,4568286,STK,ME005
007860,KR7007860000,서연,KOSPI,,-,0,,,,,,,,,23479844,STK,ME005
200880,KR7200880003,서연이화,KOSPI,,-,0,,,,,,,,,27028437,STK,ME005
017390,KR7017390006,서울가스,KOSPI,,-,0,,,,,,,,,4950000,STK,ME005
031210,KR7031210008,서울보증보험,KOSPI,,-,0,,,,,,,,,69821598,STK,ME005
004410,KR7004410007,서울식품,KOSPI,,-,0,,,,,,,,,39455013,STK,ME005
004415,KR7004411005,서울식품우,KOSPI,,-,0,,,,,,,,,222450,STK,ME005
021050,KR7021050000,서원,KOSPI,,-,0,,,,,,,,,47474590,STK,ME005
008490,KR7008490005,서흥,KOSPI,,-,0,,,,,,,,,11569113,STK,ME005
007610,KR7007610009,선도전기,KOSPI,,-,0,,,,,,,,,18000000,STK,ME005
136490,KR7136490000,선진,KOSPI,,-,0,,,,,,,,,23779604,STK,ME005
014910,KR7014910004,성문전자,KOSPI,,-,0,,,,,,,,,21857257,STK,ME005
014915,KR7014911002,성문전자우,KOSPI,,-,0,,,,,,,,,600000,STK,ME005
004980,KR7004980009,성신양회,KOSPI,,-,0,,,,,,,,,24516073,STK,ME005
004985,KR7004981007,성신양회우,KOSPI,,-,0,,,,,,,,,735645,STK,ME005
000180,KR7000180000,성창기업지주,KOSPI,,-,0,,,,,,,,,13950320,STK,ME005
004360,KR7004360004,세방,KOSPI,,-,0,,,,,,,,,19115603,STK,ME005
004365,KR7004361002,세방우,KOSPI,,-,0,,,,,,,,,3689250,STK,ME005
004490,KR7004490009,세방전지,KOSPI,,-,0,,,,,,,,,13860000,STK,ME005
001430,KR7001430008,세아베스틸지주,KOSPI,,-,0,,,,,,,,,35862119,STK,ME005
306200,KR7306200007,세아제강,KOSPI,,-,0,,,,,,,,,2836300,STK,ME005
003030,KR7003030004,세아제강지주,KOSPI,,-,0,,,,,,,,,4141657,STK,ME005
058650,KR7058650003,세아홀딩스,KOSPI,,-,0,,,,,,,,,4055236,STK,ME005
013000,KR7013000005,세우글로벌,KOSPI,,-,0,,,,,,,,,28705031,STK,ME005
021820,KR7021820006,세원정공,KOSPI,,-,0,,,,,,,,,10000000,STK,ME005
067830,KR7067830000,세이브존I&C,KOSPI,,-,0,,,,,,,,,41040895,STK,ME005
075580,KR7075580001,세진중공업,KOSPI,,-,0,,,,,,,,,56849456,STK,ME005
068270,KR7068270008,셀트리온,KOSPI,,-,0,,,,,,,,,232617176,STK,ME005
336370,KR7336370002,솔루스첨단소재,KOSPI,,-,0,,,,,,,,,70212298,STK,ME005
33637K,KR733637K010,솔루스첨단소재1우,KOSPI,,-,0,,,,,,,,,16907094,STK,ME005
33637L,KR733637K028,솔루스첨단소재2우B,KOSPI,,-,0,,,,,,,,,3777892,STK,ME005
248070,KR7248070005,솔루엠,KOSPI,,-,0,,,,,,,,,47816236,STK,ME005
004430,KR7004430005,송원산업,KOSPI,,-,0,,,,,,,,,24000000,STK,ME005
017550,KR7017550005,수산세보틱스,KOSPI,,-,0,,,,,,,,,62399130,STK,ME005
126720,KR7126720002,수산인더스트리,KOSPI,,-,0,,,,,,,,,14286000,STK,ME005
053210,KR7053210001,스카이라이프,KOSPI,,-,0,,,,,,,,,47522955,STK,ME005
026890,KR7026890004,스틱인베스트먼트,KOSPI,,-,0,,,,,,,,,38770837,STK,ME005
134790,KR7134790005,시디즈,KOSPI,,-,0,,,,,,,,,2000000,STK,ME005
462870,KR7462870007,시프트업,KOSPI,,-,0,,,,,,,,,58741890,STK,ME005
016590,KR7016590002,신대양제지,KOSPI,,-,0,,,,,,,,,40297820,STK,ME005
029530,KR7029530003,신도리코,KOSPI,,-,0,,,,,,,,,9715729,STK,ME005
004970,KR7004970000,신라교역,KOSPI,,-,0,,,,,,,,,16000000,STK,ME005
011930,KR7011930005,신성이엔지,KOSPI,,-,0,,,,,,,,,20306182,STK,ME005
004170,KR7004170007,신세계,KOSPI,,-,0,,,,,,,,,9445181,STK,ME005
035510,KR7035510007,신세계 I&C,KOSPI,,-,0,,,,,,,,,13980900,STK,ME005
031430,KR7031430002,신세계인터내셔날,KOSPI,,-,0,,,,,,,,,34986000,STK,ME005
006880,KR7006880009,신송홀딩스,KOSPI,,-,0,,,,,,,,,11828858,STK,ME005
005800,KR7005800008,신영와코루,KOSPI,,-,0,,,,,,,,,9000000,STK,ME005
001720,KR7001720002,신영증권,KOSPI,,-,0,,,,,,,,,16440000,STK,ME005
009270,KR7009270000,신원,KOSPI,,-,0,,,,,,,,,114770393,STK,ME005
002700,KR7002700003,신일전자,KOSPI,,-,0,,,,,,,,,68547521,STK,ME005
002870,KR7002870004,신풍,KOSPI,,-,0,,,,,,,,,34958700,STK,ME005
019170,KR7019170000,신풍제약,KOSPI,,-,0,,,,,,,,,52418522,STK,ME005
019175,KR7019171008,신풍제약우,KOSPI,,-,0,,,,,,,,,1991230,STK,ME005
481850,KR7481850006,신한글로벌액티브리츠,KOSPI,,-,0,,,,,,,,,43477664,STK,ME005
404990,KR7404990004,신한서부티엔디리츠,KOSPI,,-,0,,,,,,,,,61627860,STK,ME005
293940,KR7293940003,신한알파리츠,KOSPI,,-,0,,,,,,,,,120940123,STK,ME005
055550,KR7055550008,신한지주,KOSPI,,-,0,,,,,,,,,469450239,STK,ME005
004080,KR7004080008,신흥,KOSPI,,-,0,,,,,,,,,9300000,STK,ME005
004770,KR7004770004,써니전자,KOSPI,,-,0,,,,,,,,,35507438,STK,ME005
403550,KR7403550007,쏘카,KOSPI,,-,0,,,,,,,,,37939942,STK,ME005
004920,KR7004920005,씨아이테크,KOSPI,,-,0,,,,,,,,,52179872,STK,ME005
112610,KR7112610001,씨에스윈드,KOSPI,,-,0,,,,,,,,,42171403,STK,ME005
480370,KR7480370006,씨케이솔루션,KOSPI,,-,0,,,,,,,,,32481408,STK,ME005
308170,KR7308170000,씨티알모빌리티,KOSPI,,-,0,,,,,,,,,8610000,STK,ME005
008700,KR7008700007,아남전자,KOSPI,,-,0,,,,,,,,,77124820,STK,ME005
090430,KR7090430000,아모레퍼시픽,KOSPI,,-,0,,,,,,,,,58492759,STK,ME005
090435,KR7090431008,아모레퍼시픽우,KOSPI,,-,0,,,,,,,,,10557830,STK,ME005
002790,KR7002790004,아모레퍼시픽홀딩스,KOSPI,,-,0,,,,,,,,,76458180,STK,ME005
00279K,KR700279K010,아모레퍼시픽홀딩스3우C,KOSPI,,-,0,,,,,,,,,7092200,STK,ME005
002795,KR7002791002,아모레퍼시픽홀딩스우,KOSPI,,-,0,,,,,,,,,6381172,STK,ME005
002030,KR7002030005,아세아,KOSPI,,-,0,,,,,,,,,2058852,STK,ME005
183190,KR7183190008,아세아시멘트,KOSPI,,-,0,,,,,,,,,35978272,STK,ME005
002310,KR7002310001,아세아제지,KOSPI,,-,0,,,,,,,,,39449510,STK,ME005
012170,KR7012170007,아센디오,KOSPI,,-,0,,,,,,,,,7296721,STK,ME005
267850,KR7267850006,아시아나IDT,KOSPI,,-,0,,,,,,,,,11100000,STK,ME005
020560,KR7020560009,아시아나항공,KOSPI,,-,0,,,,,,,,,205990711,STK,ME005
122900,KR7122900004,아이마켓코리아,KOSPI,,-,0,,,,,,,,,33428840,STK,ME005
010780,KR7010780005,아이에스동서,KOSPI,,-,0,,,,,,,,,29724668,STK,ME005
031820,KR7031820004,아이티센씨티에스,KOSPI,,-,0,,,,,,,,,12105146,STK,ME005
139990,KR7139990006,아주스틸,KOSPI,,-,0,,,,,,,,,38755414,STK,ME005
009320,KR7009320003,아진전자부품,KOSPI,,-,0,,,,,,,,,49299770,STK,ME005
001780,KR7001780006,알루코,KOSPI,,-,0,,,,,,,,,96830132,STK,ME005
018250,KR7018250001,애경산업,KOSPI,,-,0,,,,,,,,,26409935,STK,ME005
161000,KR7161000005,애경케미칼,KOSPI,,-,0,,,,,,,,,48648709,STK,ME005
011090,KR7011090008,에넥스,KOSPI,,-,0,,,,,,,,,11857054,STK,ME005
137310,KR7137310009,에스디바이오센서,KOSPI,,-,0,,,,,,,,,120749102,STK,ME005
005850,KR7005850003,에스엘,KOSPI,,-,0,,,,,,,,,46448520,STK,ME005
010580,KR7010580009,에스엠벡셀,KOSPI,,-,0,,,,,,,,,111251760,STK,ME005
012750,KR7012750006,에스원,KOSPI,,-,0,,,,,,,,,37999178,STK,ME005
023960,KR7023960008,에쓰씨엔지니어링,KOSPI,,-,0,,,,,,,,,38035973,STK,ME005
298690,KR7298690009,에어부산,KOSPI,,-,0,,,,,,,,,162914872,STK,ME005
078520,KR7078520004,에이블씨엔씨,KOSPI,,-,0,,,,,,,,,24963426,STK,ME005
015260,KR7015260003,에이엔피,KOSPI,,-,0,,,,,,,,,47116894,STK,ME005
007460,KR7007460009,에이프로젠,KOSPI,,-,0,,,,,,,,,24825953,STK,ME005
003060,KR7003060001,에이프로젠바이오로직스,KOSPI,,-,0,,,,,,,,,16261203,STK,ME005
244920,KR7244920005,에이플러스에셋,KOSPI,,-,0,,,,,,,,,22607693,STK,ME005
278470,KR7278470000,에이피알,KOSPI,,-,0,,,,,,,,,37438155,STK,ME005
450080,KR7450080007,에코프로머티,KOSPI,,-,0,,,,,,,,,70813870,STK,ME005
019490,KR7019490002,엑시큐어하이트론,KOSPI,,-,0,,,,,,,,,76432270,STK,ME005
085310,KR7085310001,엔케이,KOSPI,,-,0,,,,,,,,,7418074,STK,ME005
900140,KYG5307W1015,엘브이엠씨홀딩스,KOSPI,,-,0,,,,,,,,,193240432,STK,ME005
066970,KR7066970005,엘앤에프,KOSPI,,-,0,,,,,,,,,40686184,STK,ME005
097520,KR7097520001,엠씨넥스,KOSPI,,-,0,,,,,,,,,17401500,STK,ME005
484870,KR7484870001,엠앤씨솔루션,KOSPI,,-,0,,,,,,,,,27461700,STK,ME005
014440,KR7014440002,영보화학,KOSPI,,-,0,,,,,,,,,20000000,STK,ME005
111770,KR7111770004,영원무역,KOSPI,,-,0,,,,,,,,,44311468,STK,ME005
009970,KR7009970005,영원무역홀딩스,KOSPI,,-,0,,,,,,,,,12953817,STK,ME005
003520,KR7003520004,영진약품,KOSPI,,-,0,,,,,,,,,182892731,STK,ME005
000670,KR7000670000,영풍,KOSPI,,-,0,,,,,,,,,18410683,STK,ME005
012280,KR7012280004,영화금속,KOSPI,,-,0,,,,,,,,,9904901,STK,ME005
012160,KR7012160008,영흥,KOSPI,,-,0,,,,,,,,,15620703,STK,ME005
007310,KR7007310006,오뚜기,KOSPI,,-,0,,,,,,,,,4007830,STK,ME005
002630,KR7002630002,오리엔트바이오,KOSPI,,-,0,,,,,,,,,29645751,STK,ME005
271560,KR7271560005,오리온,KOSPI,,-,0,,,,,,,,,39528788,STK,ME005
001800,KR7001800002,오리온홀딩스,KOSPI,,-,0,,,,,,,,,60156652,STK,ME005
005320,KR7005320007,온타이드,KOSPI,,-,0,,,,,,,,,34187845,STK,ME005
011690,KR7011690005,와이투솔루션,KOSPI,,-,0,,,,,,,,,36698762,STK,ME005
316140,KR7316140003,우리금융지주,KOSPI,,-,0,,,,,,,,,736786557,STK,ME005
006980,KR7006980007,우성,KOSPI,,-,0,,,,,,,,,3090000,STK,ME005
011300,KR7011300001,우성머티리얼스,KOSPI,,-,0,,,,,,,,,17238905,STK,ME005
017370,KR7017370008,우신시스템,KOSPI,,-,0,,,,,,,,,18314054,STK,ME005
002420,KR7002420008,우양피앤엘,KOSPI,,-,0,,,,,,,,,31167884,STK,ME005
105840,KR7105840003,우진,KOSPI,,-,0,,,,,,,,,20197670,STK,ME005
010400,KR7010400000,우진아이엔에스,KOSPI,,-,0,,,,,,,,,7622000,STK,ME005
049800,KR7049800006,우진플라임,KOSPI,,-,0,,,,,,,,,20000000,STK,ME005
016880,KR7016880007,웅진,KOSPI,,-,0,,,,,,,,,79927080,STK,ME005
095720,KR7095720009,웅진씽크빅,KOSPI,,-,0,,,,,,,,,56827085,STK,ME005
005820,KR7005820006,원림,KOSPI,,-,0,,,,,,,,,2297970,STK,ME005
008600,KR7008600009,윌비스,KOSPI,,-,0,,,,,,,,,6723603,STK,ME005
033270,KR7033270000,유나이티드제약,KOSPI,,-,0,,,,,,,,,15910775,STK,ME005
014830,KR7014830004,유니드,KOSPI,,-,0,,,,,,,,,6767600,STK,ME005
446070,KR7446070005,유니드비티플러스,KOSPI,,-,0,,,,,,,,,10611215,STK,ME005
000910,KR7000910000,유니온,KOSPI,,-,0,,,,,,,,,15611619,STK,ME005
047400,KR7047400007,유니온머티리얼,KOSPI,,-,0,,,,,,,,,42000000,STK,ME005
011330,KR7011330008,유니켐,KOSPI,,-,0,,,,,,,,,10018784,STK,ME005
077500,KR7077500007,유니퀘스트,KOSPI,,-,0,,,,,,,,,21600102,STK,ME005
002920,KR7002920007,유성기업,KOSPI,,-,0,,,,,,,,,25947500,STK,ME005
000700,KR7000700005,유수홀딩스,KOSPI,,-,0,,,,,,,,,26041812,STK,ME005
003470,KR7003470002,유안타증권,KOSPI,,-,0,,,,,,,,,192680102,STK,ME005
003475,KR7003471000,유안타증권우,KOSPI,,-,0,,,,,,,,,12811370,STK,ME005
072130,KR7072130008,유엔젤,KOSPI,,-,0,,,,,,,,,12695454,STK,ME005
000220,KR7000220004,유유제약,KOSPI,,-,0,,,,,,,,,15747462,STK,ME005
000225,KR7000221002,유유제약1우,KOSPI,,-,0,,,,,,,,,2266930,STK,ME005
000227,KR7000222000,유유제약2우B,KOSPI,,-,0,,,,,,,,,322960,STK,ME005
001200,KR7001200005,유진투자증권,KOSPI,,-,0,,,,,,,,,96866418,STK,ME005
000100,KR7000100008,유한양행,KOSPI,,-,0,,,,,,,,,73615781,STK,ME005
000105,KR7000101006,유한양행우,KOSPI,,-,0,,,,,,,,,1148340,STK,ME005
003460,KR7003460003,유화증권,KOSPI,,-,0,,,,,,,,,56702415,STK,ME005
003465,KR7003461001,유화증권우,KOSPI,,-,0,,,,,,,,,17476425,STK,ME005
008730,KR7008730004,율촌화학,KOSPI,,-,0,,,,,,,,,24800000,STK,ME005
008250,KR7008250003,이건산업,KOSPI,,-,0,,,,,,,,,10952635,STK,ME005
025820,KR7025820002,이구산업,KOSPI,,-,0,,,,,,,,,33442000,STK,ME005
214320,KR7214320004,이노션,KOSPI,,-,0,,,,,,,,,40000000,STK,ME005
088260,KR7088260005,이리츠코크렙,KOSPI,,-,0,,,,,,,,,63341590,STK,ME005
139480,KR7139480008,이마트,KOSPI,,-,0,,,,,,,,,27595819,STK,ME005
457190,KR7457190007,이수스페셜티케미컬,KOSPI,,-,0,,,,,,,,,30218872,STK,ME005
007660,KR7007660004,이수페타시스,KOSPI,,-,0,,,,,,,,,73409219,STK,ME005
005950,KR7005950001,이수화학,KOSPI,,-,0,,,,,,,,,26294169,STK,ME005
015020,KR7015020001,이스타코,KOSPI,,-,0,,,,,,,,,21425800,STK,ME005
074610,KR7074610007,이엔플러스,KOSPI,,-,0,,,,,,,,,8770137,STK,ME005
102460,KR7102460003,이연제약,KOSPI,,-,0,,,,,,,,,18586811,STK,ME005
084680,KR7084680008,이월드,KOSPI,,-,0,,,,,,,,,141806193,STK,ME005
350520,KR7350520003,이지스레지던스리츠,KOSPI,,-,0,,,,,,,,,36866202,STK,ME005
334890,KR7334890001,이지스밸류플러스리츠,KOSPI,,-,0,,,,,,,,,69448683,STK,ME005
000760,KR7000760009,이화산업,KOSPI,,-,0,,,,,,,,,2800000,STK,ME005
014990,KR7014990006,인디에프,KOSPI,,-,0,,,,,,,,,15022599,STK,ME005
101140,KR7101140002,인바이오젠,KOSPI,,-,0,,,,,,,,,10044216,STK,ME005
023800,KR7023800006,인지컨트롤스,KOSPI,,-,0,,,,,,,,,15809197,STK,ME005
034590,KR7034590000,인천도시가스,KOSPI,,-,0,,,,,,,,,4374754,STK,ME005
129260,KR7129260006,인터지스,KOSPI,,-,0,,,,,,,,,29747874,STK,ME005
023810,KR7023810005,인팩,KOSPI,,-,0,,,,,,,,,10000000,STK,ME005
249420,KR7249420001,일동제약,KOSPI,,-,0,,,,,,,,,31638252,STK,ME005
000230,KR7000230003,일동홀딩스,KOSPI,,-,0,,,,,,,,,11540400,STK,ME005
013360,KR7013360003,일성건설,KOSPI,,-,0,,,,,,,,,54024880,STK,ME005
003120,KR7003120003,일성아이에스,KOSPI,,-,0,,,,,,,,,13300000,STK,ME005
003200,KR7003200003,일신방직,KOSPI,,-,0,,,,,,,,,22960000,STK,ME005
007110,KR7007110000,일신석재,KOSPI,,-,0,,,,,,,,,77456610,STK,ME005
007570,KR7007570005,일양약품,KOSPI,,-,0,,,,,,,,,19085664,STK,ME005
007575,KR7007571003,일양약품우,KOSPI,,-,0,,,,,,,,,445080,STK,ME005
081000,KR7081000002,일진다이아,KOSPI,,-,0,,,,,,,,,14202975,STK,ME005
020760,KR7020760005,일진디스플,KOSPI,,-,0,,,,,,,,,61533781,STK,ME005
103590,KR7103590006,일진전기,KOSPI,,-,0,,,,,,,,,47685390,STK,ME005
271940,KR7271940009,일진하이솔루스,KOSPI,,-,0,,,,,,,,,36313190,STK,ME005
015860,KR7015860000,일진홀딩스,KOSPI,,-,0,,,,,,,,,49347483,STK,ME005
226320,KR7226320000,잇츠한불,KOSPI,,-,0,,,,,,,,,21929315,STK,ME005
317400,KR7317400000,자이에스앤디,KOSPI,,-,0,,,,,,,,,38782520,STK,ME005
033240,KR7033240003,자화전자,KOSPI,,-,0,,,,,,,,,21605502,STK,ME005
000950,KR7000950006,전방,KOSPI,,-,0,,,,,,,,,1680000,STK,ME005
079900,KR7079900007,전진건설로봇,KOSPI,,-,0,,,,,,,,,14592545,STK,ME005
348950,KR7348950007,제이알글로벌리츠,KOSPI,,-,0,,,,,,,,,197376000,STK,ME005
194370,KR7194370003,제이에스코퍼레이션,KOSPI,,-,0,,,,,,,,,29016758,STK,ME005
030000,KR7030000004,제일기획,KOSPI,,-,0,,,,,,,,,115041225,STK,ME005
271980,KR7271980005,제일약품,KOSPI,,-,0,,,,,,,,,14704872,STK,ME005
001560,KR7001560002,제일연마,KOSPI,,-,0,,,,,,,,,7600000,STK,ME005
002620,KR7002620003,제일파마홀딩스,KOSPI,,-,0,,,,,,,,,15973355,STK,ME005
006220,KR7006220008,제주은행,KOSPI,,-,0,,,,,,,,,37798557,STK,ME005
089590,KR7089590004,제주항공,KOSPI,,-,0,,,,,,,,,80640985,STK,ME005
004910,KR7004910006,조광페인트,KOSPI,,-,0,,,,,,,,,12800000,STK,ME005
004700,KR7004700001,조광피혁,KOSPI,,-,0,,,,,,,,,6649138,STK,ME005
001550,KR7001550003,조비,KOSPI,,-,0,,,,,,,,,5192239,STK,ME005
462520,KR7462520008,조선내화,KOSPI,,-,0,,,,,,,,,11855168,STK,ME005
120030,KR7120030002,조선선재,KOSPI,,-,0,,,,,,,,,1257651,STK,ME005
018470,KR7018470005,조일알미늄,KOSPI,,-,0,,,,,,,,,25326344,STK,ME005
002600,KR7002600005,조흥,KOSPI,,-,0,,,,,,,,,600000,STK,ME005
185750,KR7185750007,종근당,KOSPI,,-,0,,,,,,,,,13802780,STK,ME005
063160,KR7063160006,종근당바이오,KOSPI,,-,0,,,,,,,,,5485962,STK,ME005
001630,KR7001630003,종근당홀딩스,KOSPI,,-,0,,,,,,,,,5009861,STK,ME005
109070,KR7109070003,주성코퍼레이션,KOSPI,,-,0,,,,,,,,,52810230,STK,ME005
044380,KR7044380004,주연테크,KOSPI,,-,0,,,,,,,,,13896316,STK,ME005
013890,KR7013890009,지누스,KOSPI,,-,0,,,,,,,,,21925813,STK,ME005
013870,KR7013870001,지엠비코리아,KOSPI,,-,0,,,,,,,,,19072280,STK,ME005
071320,KR7071320006,지역난방공사,KOSPI,,-,0,,,,,,,,,11578744,STK,ME005
088790,KR7088790001,진도,KOSPI,,-,0,,,,,,,,,12447744,STK,ME005
003780,KR7003780004,진양산업,KOSPI,,-,0,,,,,,,,,13000000,STK,ME005
010640,KR7010640001,진양폴리,KOSPI,,-,0,,,,,,,,,16700000,STK,ME005
100250,KR7100250000,진양홀딩스,KOSPI,,-,0,,,,,,,,,63900000,STK,ME005
051630,KR7051630002,진양화학,KOSPI,,-,0,,,,,,,,,21200000,STK,ME005
272450,KR7272450008,진에어,KOSPI,,-,0,,,,,,,,,52200000,STK,ME005
011000,KR7011000007,진원생명과학,KOSPI,,-,0,,,,,,,,,18176581,STK,ME005
002780,KR7002780005,진흥기업,KOSPI,,-,0,,,,,,,,,14547174,STK,ME005
002787,KR7002782001,진흥기업2우B,KOSPI,,-,0,,,,,,,,,29480,STK,ME005
002785,KR7002781003,진흥기업우B,KOSPI,,-,0,,,,,,,,,85721,STK,ME005
025620,KR7025620006,차AI헬스케어,KOSPI,,-,0,,,,,,,,,18203973,STK,ME005
009310,KR7009310004,참엔지니어링,KOSPI,,-,0,,,,,,,,,4377014,STK,ME005
000650,KR7000650002,천일고속,KOSPI,,-,0,,,,,,,,,1429220,STK,ME005
033250,KR7033250002,체시스,KOSPI,,-,0,,,,,,,,,6400000,STK,ME005
035720,KR7035720002,카카오,KOSPI,,-,0,,,,,,,,,442999903,STK,ME005
323410,KR7323410001,카카오뱅크,KOSPI,,-,0,,,,,,,,,477120437,STK,ME005
377300,KR7377300009,카카오페이,KOSPI,,-,0,,,,,,,,,135300622,STK,ME005
279570,KR7279570006,케이뱅크,KOSPI,,-,0,,,,,,,,,405695151,STK,ME005
001620,KR7001620004,케이비아이동국실업,KOSPI,,-,0,,,,,,,,,22258606,STK,ME005
029460,KR7029460003,케이씨,KOSPI,,-,0,,,,,,,,,11020535,STK,ME005
281820,KR7281820001,케이씨텍,KOSPI,,-,0,,,,,,,,,19798661,STK,ME005
009140,KR7009140005,케이아이이,KOSPI,,-,0,,,,,,,,,1570797,STK,ME005
381970,KR7381970003,케이카,KOSPI,,-,0,,,,,,,,,48820848,STK,ME005
145270,KR7145270005,케이탑리츠,KOSPI,,-,0,,,,,,,,,48060774,STK,ME005
417310,KR7417310000,코람코더원리츠,KOSPI,,-,0,,,,,,,,,40400000,STK,ME005
357120,KR7357120005,코람코라이프인프라리츠,KOSPI,,-,0,,,,,,,,,97335354,STK,ME005
007815,KR7007811003,코리아써우,KOSPI,,-,0,,,,,,,,,2964690,STK,ME005
007810,KR7007810005,코리아써키트,KOSPI,,-,0,,,,,,,,,23982620,STK,ME005
00781K,KR700781K015,코리아써키트2우B,KOSPI,,-,0,,,,,,,,,783699,STK,ME005
003690,KR7003690005,코리안리,KOSPI,,-,0,,,,,,,,,176721031,STK,ME005
192820,KR7192820009,코스맥스,KOSPI,,-,0,,,,,,,,,11349509,STK,ME005
044820,KR7044820009,코스맥스비티아이,KOSPI,,-,0,,,,,,,,,9603921,STK,ME005
005070,KR7005070008,코스모신소재,KOSPI,,-,0,,,,,,,,,33214571,STK,ME005
005420,KR7005420005,코스모화학,KOSPI,,-,0,,,,,,,,,38408228,STK,ME005
071950,KR7071950000,코아스,KOSPI,,-,0,,,,,,,,,14459195,STK,ME005
002020,KR7002020006,코오롱,KOSPI,,-,0,,,,,,,,,12907680,STK,ME005
003070,KR7003070000,코오롱글로벌,KOSPI,,-,0,,,,,,,,,25423959,STK,ME005
003075,KR7003071008,코오롱글로벌우,KOSPI,,-,0,,,,,,,,,740737,STK,ME005
002025,KR7002021004,코오롱우,KOSPI,,-,0,,,,,,,,,1160437,STK,ME005
120110,KR7120110002,코오롱인더,KOSPI,,-,0,,,,,,,,,29946032,STK,ME005
120115,KR7120111000,코오롱인더우,KOSPI,,-,0,,,,,,,,,2767860,STK,ME005
021240,KR7021240007,코웨이,KOSPI,,-,0,,,,,,,,,70767426,STK,ME005
036420,KR7036420008,콘텐트리중앙,KOSPI,,-,0,,,,,,,,,19262308,STK,ME005
024720,KR7024720005,콜마홀딩스,KOSPI,,-,0,,,,,,,,,34296259,STK,ME005
192400,KR7192400000,쿠쿠홀딩스,KOSPI,,-,0,,,,,,,,,35562185,STK,ME005
284740,KR7284740008,쿠쿠홈시스,KOSPI,,-,0,,,,,,,,,22437330,STK,ME005
264900,KR7264900002,크라운제과,KOSPI,,-,0,,,,,,,,,12523850,STK,ME005
26490K,KR726490K013,크라운제과우,KOSPI,,-,0,,,,,,,,,773560,STK,ME005
005740,KR7005740006,크라운해태홀딩스,KOSPI,,-,0,,,,,,,,,14847347,STK,ME005
005745,KR7005741004,크라운해태홀딩스우,KOSPI,,-,0,,,,,,,,,600726,STK,ME005
259960,KR7259960003,크래프톤,KOSPI,,-,0,,,,,,,,,45747943,STK,ME005
020120,KR7020120002,키다리스튜디오,KOSPI,,-,0,,,,,,,,,37063766,STK,ME005
039490,KR7039490008,키움증권,KOSPI,,-,0,,,,,,,,,26228316,STK,ME005
014580,KR7014580005,태경비케이,KOSPI,,-,0,,,,,,,,,27583100,STK,ME005
015890,KR7015890007,태경산업,KOSPI,,-,0,,,,,,,,,29228750,STK,ME005
006890,KR7006890008,태경케미컬,KOSPI,,-,0,,,,,,,,,11600000,STK,ME005
003240,KR7003240009,태광산업,KOSPI,,-,0,,,,,,,,,1113400,STK,ME005
011280,KR7011280005,태림포장,KOSPI,,-,0,,,,,,,,,70805940,STK,ME005
004100,KR7004100004,태양금속,KOSPI,,-,0,,,,,,,,,36700000,STK,ME005
004105,KR7004101002,태양금속우,KOSPI,,-,0,,,,,,,,,3300000,STK,ME005
009410,KR7009410002,태영건설,KOSPI,,-,0,,,,,,,,,319453137,STK,ME005
009415,KR7009411000,태영건설우,KOSPI,,-,0,,,,,,,,,649974,STK,ME005
001420,KR7001420009,태원물산,KOSPI,,-,0,,,,,,,,,7600000,STK,ME005
055490,KR7055490007,테이팩스,KOSPI,,-,0,,,,,,,,,4786650,STK,ME005
078000,KR7078000007,텔코웨어,KOSPI,,-,0,,,,,,,,,9240077,STK,ME005
214420,KR7214420002,토니모리,KOSPI,,-,0,,,,,,,,,24054799,STK,ME005
091810,KR7091810002,트리니티항공,KOSPI,,-,0,,,,,,,,,102106091,STK,ME005
019180,KR7019180009,티에이치엔,KOSPI,,-,0,,,,,,,,,18000000,STK,ME005
217590,KR7217590009,티엠씨,KOSPI,,-,0,,,,,,,,,24094225,STK,ME005
363280,KR7363280009,티와이홀딩스,KOSPI,,-,0,,,,,,,,,45497333,STK,ME005
36328K,KR736328K013,티와이홀딩스우,KOSPI,,-,0,,,,,,,,,1174949,STK,ME005
004870,KR7004870002,티웨이홀딩스,KOSPI,,-,0,,,,,,,,,22632698,STK,ME005
034230,KR7034230003,파라다이스,KOSPI,,-,0,,,,,,,,,92629382,STK,ME005
005690,KR7005690003,파미셀,KOSPI,,-,0,,,,,,,,,60004014,STK,ME005
036580,KR7036580009,팜스코,KOSPI,,-,0,,,,,,,,,36727943,STK,ME005
004720,KR7004720009,팜젠사이언스,KOSPI,,-,0,,,,,,,,,22654365,STK,ME005
028670,KR7028670008,팬오션,KOSPI,,-,0,,,,,,,,,534569512,STK,ME005
010820,KR7010820009,퍼스텍,KOSPI,,-,0,,,,,,,,,48771938,STK,ME005
016800,KR7016800005,퍼시스,KOSPI,,-,0,,,,,,,,,11500000,STK,ME005
001020,KR7001020007,페이퍼코리아,KOSPI,,-,0,,,,,,,,,35596662,STK,ME005
090080,KR7090080003,평화산업,KOSPI,,-,0,,,,,,,,,54902259,STK,ME005
010770,KR7010770006,평화홀딩스,KOSPI,,-,0,,,,,,,,,14625466,STK,ME005
022100,KR7022100002,포스코DX,KOSPI,,-,0,,,,,,,,,152034729,STK,ME005
058430,KR7058430000,포스코스틸리온,KOSPI,,-,0,,,,,,,,,60000000,STK,ME005
047050,KR7047050000,포스코인터내셔널,KOSPI,,-,0,,,,,,,,,175922788,STK,ME005
003670,KR7003670007,포스코퓨처엠,KOSPI,,-,0,,,,,,,,,88946220,STK,ME005
017810,KR7017810003,풀무원,KOSPI,,-,0,,,,,,,,,38120542,STK,ME005
103140,KR7103140000,풍산,KOSPI,,-,0,,,,,,,,,28024278,STK,ME005
005810,KR7005810007,풍산홀딩스,KOSPI,,-,0,,,,,,,,,14417292,STK,ME005
950210,KR8702070002,프레스티지바이오파마,KOSPI,,-,0,,,,,,,,,60096155,STK,ME005
006490,KR7006490007,프리티,KOSPI,,-,0,,,,,,,,,17746333,STK,ME005
086790,KR7086790003,하나금융지주,KOSPI,,-,0,,,,,,,,,270969910,STK,ME005
293480,KR7293480000,하나제약,KOSPI,,-,0,,,,,,,,,17772946,STK,ME005
039130,KR7039130000,하나투어,KOSPI,,-,0,,,,,,,,,15489932,STK,ME005
352820,KR7352820005,하이브,KOSPI,,-,0,,,,,,,,,43106836,STK,ME005
071090,KR7071090005,하이스틸,KOSPI,,-,0,,,,,,,,,20191471,STK,ME005
000080,KR7000080002,하이트진로,KOSPI,,-,0,,,,,,,,,70133611,STK,ME005
000087,KR7000082008,하이트진로2우B,KOSPI,,-,0,,,,,,,,,1130138,STK,ME005
000140,KR7000140004,하이트진로홀딩스,KOSPI,,-,0,,,,,,,,,23206765,STK,ME005
000145,KR7000141002,하이트진로홀딩스우,KOSPI,,-,0,,,,,,,,,470810,STK,ME005
036460,KR7036460004,한국가스공사,KOSPI,,-,0,,,,,,,,,92313000,STK,ME005
005430,KR7005430004,한국공항,KOSPI,,-,0,,,,,,,,,3166355,STK,ME005
071050,KR7071050009,한국금융지주,KOSPI,,-,0,,,,,,,,,55725992,STK,ME005
071055,KR7071051007,한국금융지주우,KOSPI,,-,0,,,,,,,,,5858251,STK,ME005
010040,KR7010040004,한국내화,KOSPI,,-,0,,,,,,,,,41067062,STK,ME005
025540,KR7025540006,한국단자,KOSPI,,-,0,,,,,,,,,10115000,STK,ME005
010100,KR7010100006,한국무브넥스,KOSPI,,-,0,,,,,,,,,30450420,STK,ME005
004090,KR7004090007,한국석유,KOSPI,,-,0,,,,,,,,,12694120,STK,ME005
002200,KR7002200004,한국수출포장,KOSPI,,-,0,,,,,,,,,33499941,STK,ME005
002960,KR7002960003,한국쉘석유,KOSPI,,-,0,,,,,,,,,1300000,STK,ME005
000240,KR7000240002,한국앤컴퍼니,KOSPI,,-,0,,,,,,,,,94935240,STK,ME005
123890,KR7123890006,한국자산신탁,KOSPI,,-,0,,,,,,,,,122373926,STK,ME005
015760,KR7015760002,한국전력,KOSPI,,-,0,,,,,,,,,641964077,STK,ME005
006200,KR7006200000,한국전자홀딩스,KOSPI,,-,0,,,,,,,,,9360627,STK,ME005
027970,KR7027970003,한국제지,KOSPI,,-,0,,,,,,,,,38030144,STK,ME005
023350,KR7023350002,한국종합기술,KOSPI,,-,0,,,,,,,,,10950000,STK,ME005
025890,KR7025890005,한국주강,KOSPI,,-,0,,,,,,,,,11144616,STK,ME005
000970,KR7000970004,한국주철관,KOSPI,,-,0,,,,,,,,,22800500,STK,ME005
104700,KR7104700000,한국철강,KOSPI,,-,0,,,,,,,,,36450000,STK,ME005
017960,KR7017960006,한국카본,KOSPI,,-,0,,,,,,,,,51676486,STK,ME005
161890,KR7161890009,한국콜마,KOSPI,,-,0,,,,,,,,,23605077,STK,ME005
161390,KR7161390000,한국타이어앤테크놀로지,KOSPI,,-,0,,,,,,,,,123875069,STK,ME005
034830,KR7034830000,한국토지신탁,KOSPI,,-,0,,,,,,,,,252489230,STK,ME005
007280,KR7007280001,한국특강,KOSPI,,-,0,,,,,,,,,28646540,STK,ME005
047810,KR7047810007,한국항공우주,KOSPI,,-,0,,,,,,,,,97475107,STK,ME005
123690,KR7123690000,한국화장품,KOSPI,,-,0,,,,,,,,,16068000,STK,ME005
003350,KR7003350006,한국화장품제조,KOSPI,,-,0,,,,,,,,,22660000,STK,ME005
011500,KR7011500006,한농화성,KOSPI,,-,0,,,,,,,,,15637042,STK,ME005
002390,KR7002390003,한독,KOSPI,,-,0,,,,,,,,,13763533,STK,ME005
053690,KR7053690004,한미글로벌,KOSPI,,-,0,,,,,,,,,10957550,STK,ME005
042700,KR7042700005,한미반도체,KOSPI,,-,0,,,,,,,,,95312200,STK,ME005
008930,KR7008930000,한미사이언스,KOSPI,,-,0,,,,,,,,,68391550,STK,ME005
128940,KR7128940004,한미약품,KOSPI,,-,0,,,,,,,,,12810991,STK,ME005
009240,KR7009240003,한샘,KOSPI,,-,0,,,,,,,,,23533928,STK,ME005
020000,KR7020000006,한섬,KOSPI,,-,0,,,,,,,,,21476994,STK,ME005
003680,KR7003680006,한성기업,KOSPI,,-,0,,,,,,,,,6209515,STK,ME005
105630,KR7105630008,한세실업,KOSPI,,-,0,,,,,,,,,40000000,STK,ME005
069640,KR7069640001,한세엠케이,KOSPI,,-,0,,,,,,,,,21735481,STK,ME005
016450,KR7016450009,한세예스24홀딩스,KOSPI,,-,0,,,,,,,,,40000000,STK,ME005
009180,KR7009180001,한솔로지스틱스,KOSPI,,-,0,,,,,,,,,28155825,STK,ME005
213500,KR7213500002,한솔제지,KOSPI,,-,0,,,,,,,,,23800576,STK,ME005
014680,KR7014680003,한솔케미칼,KOSPI,,-,0,,,,,,,,,10794036,STK,ME005
004710,KR7004710000,한솔테크닉스,KOSPI,,-,0,,,,,,,,,53119817,STK,ME005
004150,KR7004150009,한솔홀딩스,KOSPI,,-,0,,,,,,,,,41026620,STK,ME005
025750,KR7025750001,한솔홈데코,KOSPI,,-,0,,,,,,,,,16113029,STK,ME005
004960,KR7004960001,한신공영,KOSPI,,-,0,,,,,,,,,11570702,STK,ME005
011700,KR7011700002,한신기계,KOSPI,,-,0,,,,,,,,,32446151,STK,ME005
001750,KR7001750009,한양증권,KOSPI,,-,0,,,,,,,,,15109486,STK,ME005
001755,KR7001751007,한양증권우,KOSPI,,-,0,,,,,,,,,472870,STK,ME005
018880,KR7018880005,한온시스템,KOSPI,,-,0,,,,,,,,,1026251342,STK,ME005
009420,KR7009420001,한올바이오파마,KOSPI,,-,0,,,,,,,,,52240638,STK,ME005
014130,KR7014130009,한익스프레스,KOSPI,,-,0,,,,,,,,,11817883,STK,ME005
300720,KR7300720000,한일시멘트,KOSPI,,-,0,,,,,,,,,73545209,STK,ME005
002220,KR7002220002,한일철강,KOSPI,,-,0,,,,,,,,,26697460,STK,ME005
003300,KR7003300001,한일홀딩스,KOSPI,,-,0,,,,,,,,,30831444,STK,ME005
051600,KR7051600005,한전KPS,KOSPI,,-,0,,,,,,,,,45000000,STK,ME005
052690,KR7052690005,한전기술,KOSPI,,-,0,,,,,,,,,38220000,STK,ME005
130660,KR7130660004,한전산업,KOSPI,,-,0,,,,,,,,,32600000,STK,ME005
002320,KR7002320000,한진,KOSPI,,-,0,,,,,,,,,15518616,STK,ME005
003480,KR7003480001,한진중공업홀딩스,KOSPI,,-,0,,,,,,,,,29529812,STK,ME005
180640,KR7180640005,한진칼,KOSPI,,-,0,,,,,,,,,66762275,STK,ME005
18064K,KR718064K016,한진칼우,KOSPI,,-,0,,,,,,,,,530297,STK,ME005
005110,KR7005110002,한창,KOSPI,,-,0,,,,,,,,,21106407,STK,ME005
009460,KR7009460007,한창제지,KOSPI,,-,0,,,,,,,,,12339686,STK,ME005
372910,KR7372910000,한컴라이프케어,KOSPI,,-,0,,,,,,,,,27674406,STK,ME005
000880,KR7000880005,한화,KOSPI,,-,0,,,,,,,,,53328897,STK,ME005
00088K,KR700088K015,한화3우B,KOSPI,,-,0,,,,,,,,,14676613,STK,ME005
452260,KR7452260003,한화갤러리아,KOSPI,,-,0,,,,,,,,,193859610,STK,ME005
45226K,KR745226K018,한화갤러리아우,KOSPI,,-,0,,,,,,,,,2904470,STK,ME005
451800,KR7451800007,한화리츠,KOSPI,,-,0,,,,,,,,,179600000,STK,ME005
0220W0,KR70220W0000,한화머시너리앤서비스홀딩스,KOSPI,,-,0,,,,,,,,,84515535,STK,ME005
0220WL,KR70220WK021,한화머시너리앤서비스홀딩스3우B,KOSPI,,-,0,,,,,,,,,23639140,STK,ME005
489790,KR7489790006,한화비전,KOSPI,,-,0,,,,,,,,,50488390,STK,ME005
088350,KR7088350004,한화생명,KOSPI,,-,0,,,,,,,,,868530000,STK,ME005
000370,KR7000370007,한화손해보험,KOSPI,,-,0,,,,,,,,,116738915,STK,ME005
009830,KR7009830001,한화솔루션,KOSPI,,-,0,,,,,,,,,224892536,STK,ME005
009835,KR7009831009,한화솔루션우,KOSPI,,-,0,,,,,,,,,2544616,STK,ME005
272210,KR7272210006,한화시스템,KOSPI,,-,0,,,,,,,,,188919389,STK,ME005
012450,KR7012450003,한화에어로스페이스,KOSPI,,-,0,,,,,,,,,51563401,STK,ME005
082740,KR7082740002,한화엔진,KOSPI,,-,0,,,,,,,,,83447142,STK,ME005
042660,KR7042660001,한화오션,KOSPI,,-,0,,,,,,,,,306413394,STK,ME005
003530,KR7003530003,한화투자증권,KOSPI,,-,0,,,,,,,,,214547775,STK,ME005
003535,KR7003531001,한화투자증권우,KOSPI,,-,0,,,,,,,,,4800000,STK,ME005
195870,KR7195870001,해성디에스,KOSPI,,-,0,,,,,,,,,17000000,STK,ME005
101530,KR7101530004,해태제과식품,KOSPI,,-,0,,,,,,,,,29116822,STK,ME005
143210,KR7143210003,핸즈코퍼레이션,KOSPI,,-,0,,,,,,,,,27999783,STK,ME005
000720,KR7000720003,현대건설,KOSPI,,-,0,,,,,,,,,111355765,STK,ME005
000725,KR7000721001,현대건설우,KOSPI,,-,0,,,,,,,,,1054693,STK,ME005
453340,KR7453340002,현대그린푸드,KOSPI,,-,0,,,,,,,,,32471587,STK,ME005
086280,KR7086280005,현대글로비스,KOSPI,,-,0,,,,,,,,,75000000,STK,ME005
064350,KR7064350002,현대로템,KOSPI,,-,0,,,,,,,,,109142293,STK,ME005
079430,KR7079430005,현대리바트,KOSPI,,-,0,,,,,,,,,20114202,STK,ME005
012330,KR7012330007,현대모비스,KOSPI,,-,0,,,,,,,,,89820585,STK,ME005
069960,KR7069960003,현대백화점,KOSPI,,-,0,,,,,,,,,21564912,STK,ME005
004560,KR7004560009,현대비앤지스틸,KOSPI,,-,0,,,,,,,,,15078811,STK,ME005
004310,KR7004310009,현대약품,KOSPI,,-,0,,,,,,,,,32000000,STK,ME005
017800,KR7017800004,현대엘리베이터,KOSPI,,-,0,,,,,,,,,39092385,STK,ME005
307950,KR7307950006,현대오토에버,KOSPI,,-,0,,,,,,,,,27423982,STK,ME005
011210,KR7011210002,현대위아,KOSPI,,-,0,,,,,,,,,27195083,STK,ME005
004020,KR7004020004,현대제철,KOSPI,,-,0,,,,,,,,,133445785,STK,ME005
005440,KR7005440003,현대지에프홀딩스,KOSPI,,-,0,,,,,,,,,183397199,STK,ME005
005380,KR7005380001,현대차,KOSPI,,-,0,,,,,,,,,203466492,STK,ME005
005387,KR7005382007,현대차2우B,KOSPI,,-,0,,,,,,,,,34257047,STK,ME005
005389,KR7005383005,현대차3우B,KOSPI,,-,0,,,,,,,,,2321926,STK,ME005
005385,KR7005381009,현대차우,KOSPI,,-,0,,,,,,,,,22839037,STK,ME005
001500,KR7001500008,현대차증권,KOSPI,,-,0,,,,,,,,,61833044,STK,ME005
011760,KR7011760006,현대코퍼레이션,KOSPI,,-,0,,,,,,,,,13228966,STK,ME005
227840,KR7227840006,현대코퍼레이션홀딩스,KOSPI,,-,0,,,,,,,,,9100836,STK,ME005
126560,KR7126560002,현대퓨처넷,KOSPI,,-,0,,,,,,,,,109201040,STK,ME005
001450,KR7001450006,현대해상,KOSPI,,-,0,,,,,,,,,85248250,STK,ME005
093240,KR7093240000,형지엘리트,KOSPI,,-,0,,,,,,,,,61390259,STK,ME005
003010,KR7003010006,혜인,KOSPI,,-,0,,,,,,,,,12712747,STK,ME005
111110,KR7111110003,호전실업,KOSPI,,-,0,,,,,,,,,9066000,STK,ME005
008770,KR7008770000,호텔신라,KOSPI,,-,0,,,,,,,,,39248121,STK,ME005
008775,KR7008771008,호텔신라우,KOSPI,,-,0,,,,,,,,,751879,STK,ME005
378850,KR7378850002,화승알앤에이,KOSPI,,-,0,,,,,,,,,18993623,STK,ME005
241590,KR7241590009,화승엔터프라이즈,KOSPI,,-,0,,,,,,,,,60589276,STK,ME005
006060,KR7006060008,화승인더,KOSPI,,-,0,,,,,,,,,55320000,STK,ME005
013520,KR7013520002,화승코퍼레이션,KOSPI,,-,0,,,,,,,,,50051252,STK,ME005
010690,KR7010690006,화신,KOSPI,,-,0,,,,,,,,,34920410,STK,ME005
133820,KR7133820001,화인베스틸,KOSPI,,-,0,,,,,,,,,37114502,STK,ME005
010660,KR7010660009,화천기계,KOSPI,,-,0,,,,,,,,,22000000,STK,ME005
000850,KR7000850008,화천기공,KOSPI,,-,0,,,,,,,,,2200000,STK,ME005
016580,KR7016580003,환인제약,KOSPI,,-,0,,,,,,,,,18600070,STK,ME005
032560,KR7032560005,황금에스티,KOSPI,,-,0,,,,,,,,,17000000,STK,ME005
004800,KR7004800009,효성,KOSPI,,-,0,,,,,,,,,16740407,STK,ME005
094280,KR7094280005,효성ITX,KOSPI,,-,0,,,,,,,,,11558200,STK,ME005
298040,KR7298040007,효성중공업,KOSPI,,-,0,,,,,,,,,9324548,STK,ME005
298020,KR7298020009,효성티앤씨,KOSPI,,-,0,,,,,,,,,4327682,STK,ME005
298000,KR7298000001,효성화학,KOSPI,,-,0,,,,,,,,,3791811,STK,ME005
093370,KR7093370005,후성,KOSPI,,-,0,,,,,,,,,107255330,STK,ME005
005870,KR7005870001,휴니드,KOSPI,,-,0,,,,,,,,,14116015,STK,ME005
079980,KR7079980009,휴비스,KOSPI,,-,0,,,,,,,,,34500000,STK,ME005
005010,KR7005010004,휴스틸,KOSPI,,-,0,,,,,,,,,56188075,STK,ME005
000540,KR7000540005,흥국화재,KOSPI,,-,0,,,,,,,,,64242645,STK,ME005
000545,KR7000541003,흥국화재우,KOSPI,,-,0,,,,,,,,,768000,STK,ME005
003280,KR7003280005,흥아해운,KOSPI,,-,0,,,,,,,,,240424899,STK,ME005
